museum,raw_text,url
Hermitage Museum,,https://www.hermitagemuseum.org/what-s-on/timecat
Hermitage Museum,,https://www.hermitagemuseum.org/what-s-on/catpaint26
Hermitage Museum,,https://www.hermitagemuseum.org/what-s-on/valley_of_the_kings
Hermitage Museum,,https://www.hermitagemuseum.org/what-s-on/moments26
Hermitage Museum,,https://www.hermitagemuseum.org/what-s-on/mecenat26
Hermitage Museum,,https://www.hermitagemuseum.org/what-s-on/gonzaga
Hermitage Museum,,https://www.hermitagemuseum.org/what-s-on/province
Hermitage Museum,,https://www.hermitagemuseum.org/what-s-on/book_architechture
Hermitage Museum,,https://www.hermitagemuseum.org/what-s-on/grunding
Hermitage Museum,,https://www.hermitagemuseum.org/what-s-on/364fvujyhgt35498g3
Hermitage Museum,,https://www.hermitagemuseum.org/what-s-on/isin
Hermitage Museum,,https://www.hermitagemuseum.org/what-s-on/iwfvt4589gov837g6093ugh367089
Hermitage Museum,,https://www.hermitagemuseum.org/what-s-on/izo25
Hermitage Museum,,https://www.hermitagemuseum.org/what-s-on/ampir_2025
Hermitage Museum,,https://www.hermitagemuseum.org/what-s-on/rossi_staff
Hermitage Museum,,https://www.hermitagemuseum.org/what-s-on/rossi
Hermitage Museum,,https://www.hermitagemuseum.org/what-s-on/fhv7y435t98g234gj63984g3409g8h
Hermitage Museum,,https://www.hermitagemuseum.org/what-s-on/abraham
Hermitage Museum,,https://www.hermitagemuseum.org/what-s-on/muw34fv5yh6f354g982gu6j39o
Hermitage Museum,,https://www.hermitagemuseum.org/what-s-on/pub_25
Hermitage Museum,,https://www.hermitagemuseum.org/what-s-on/photo_25
Hermitage Museum,,https://www.hermitagemuseum.org/what-s-on/shcelkun
Hermitage Museum,,https://www.hermitagemuseum.org/what-s-on/lotus
Hermitage Museum,,https://www.hermitagemuseum.org/what-s-on/bernardino
Hermitage Museum,,https://www.hermitagemuseum.org/what-s-on/mujktvuh45ygv54o8gv34gyu34j598oh3
Hermitage Museum,,https://www.hermitagemuseum.org/what-s-on/sindika
Hermitage Museum,,https://www.hermitagemuseum.org/what-s-on/j7kfy23dch52f38i92349yfgh24g872og2
Hermitage Museum,,https://www.hermitagemuseum.org/what-s-on/khe4f5y3874iyujg6m32go82gj9o
Hermitage Museum,,https://www.hermitagemuseum.org/what-s-on/heaven
Hermitage Museum,,https://www.hermitagemuseum.org/what-s-on/bachrein
Hermitage Museum,,https://www.hermitagemuseum.org/what-s-on/cats25
Hermitage Museum,,https://www.hermitagemuseum.org/what-s-on/moments
Hermitage Museum,,https://www.hermitagemuseum.org/what-s-on/threemadonnas
Hermitage Museum,,https://www.hermitagemuseum.org/what-s-on/ule4yhw4e5y8igv7w4gh8ifh34ui7f5369g9j083
Hermitage Museum,,https://www.hermitagemuseum.org/what-s-on/victory80
Hermitage Museum,,https://www.hermitagemuseum.org/what-s-on/iuhf34t5f7834tg349gj2g6
Hermitage Museum,,https://www.hermitagemuseum.org/what-s-on/iyf7j3hnu5yf3478o5ghe4g87o3ugj8
Hermitage Museum,,https://www.hermitagemuseum.org/what-s-on/blesk_kristalla_xx_cent
Hermitage Museum,,https://www.hermitagemuseum.org/what-s-on/improvise217
Hermitage Museum,,https://www.hermitagemuseum.org/what-s-on/mecenat25
Hermitage Museum,,https://www.hermitagemuseum.org/what-s-on/farfor_bakastova
Hermitage Museum,,https://www.hermitagemuseum.org/what-s-on/franc_manera_xvii
Hermitage Museum,,https://www.hermitagemuseum.org/what-s-on/pyekha
Hermitage Museum,,https://www.hermitagemuseum.org/what-s-on/kremlinporcelain
Hermitage Museum,,https://www.hermitagemuseum.org/what-s-on/24796e29889c2599ffadce82c31180ea
Hermitage Museum,,https://www.hermitagemuseum.org/what-s-on/izo24
Hermitage Museum,,https://www.hermitagemuseum.org/what-s-on/ba87f31366623b75cdccc9e7b9d98577
Hermitage Museum,,https://www.hermitagemuseum.org/what-s-on/83fadc78c2fc8af99d165637e3041bf8
Hermitage Museum,,https://www.hermitagemuseum.org/what-s-on/6397dd2ebfc0fa2f0b6320e2bf2a6e99
Hermitage Museum,,https://www.hermitagemuseum.org/what-s-on/37b0b31840aa2999ae73bb2b5a7bd85f
Hermitage Museum,,https://www.hermitagemuseum.org/what-s-on/96ac64e284555391a9bc2d2d5f1c6604
Hermitage Museum,,https://www.hermitagemuseum.org/what-s-on/863b5db296d6b5e96e84af12070a3f50
Hermitage Museum,,https://www.hermitagemuseum.org/what-s-on/ae72431db0d8201107e599f57891a112
Hermitage Museum,,https://www.hermitagemuseum.org/what-s-on/b350cb3b92efa5ef62bb17168aa658d4
Hermitage Museum,,https://www.hermitagemuseum.org/what-s-on/47fdb90f56f1d928b38b0b512261dbb1
Hermitage Museum,,https://www.hermitagemuseum.org/what-s-on/187ca0a3c1c4aa74382df6ca5fceb121
Hermitage Museum,,https://www.hermitagemuseum.org/what-s-on/45f4e7f3a3ad8839f5db6b8f0b66b86c
Hermitage Museum,,https://www.hermitagemuseum.org/what-s-on/d467787a79e93750fd69e6dbcef0b2a4
Hermitage Museum,,https://www.hermitagemuseum.org/what-s-on/2bd06820c0ec976d0c61a9baf4f37922
Hermitage Museum,,https://www.hermitagemuseum.org/what-s-on/9c97cbdcf2e37dfc45f76352d8b3aefe
Hermitage Museum,,https://www.hermitagemuseum.org/what-s-on/e5efbecc13fa5eb9e5acf7f83e142293
Hermitage Museum,,https://www.hermitagemuseum.org/what-s-on/76df1f75db336be8a83269273cff9079
Hermitage Museum,,https://www.hermitagemuseum.org/what-s-on/ea402d0c0d064bf7bf16df5b80569b43
Hermitage Museum,,https://www.hermitagemuseum.org/what-s-on/c1f370cfc5a5dd0d84c1ec797ee3ecf3
Hermitage Museum,,https://www.hermitagemuseum.org/what-s-on/2b2ac23594f690c9076e6f0b934ee62c
Hermitage Museum,,https://www.hermitagemuseum.org/what-s-on/f8a016a538cfd3b56e9b7629a4d67e85
Hermitage Museum,,https://www.hermitagemuseum.org/what-s-on/3307507075d2432c9f6427c2b3f38820
Hermitage Museum,,https://www.hermitagemuseum.org/what-s-on/7fb8731506bb1e04527a8ec9a31a0722
Hermitage Museum,,https://www.hermitagemuseum.org/what-s-on/58730205c5c69925013102510428556d
Hermitage Museum,,https://www.hermitagemuseum.org/what-s-on/82b952115d3994a3c8d3d36042750437
Hermitage Museum,,https://www.hermitagemuseum.org/what-s-on/833cd6ea279a68a146df433df720da3a
Hermitage Museum,,https://www.hermitagemuseum.org/what-s-on/d1d7e77573db31dd938a77de726d85a0
Hermitage Museum,,https://www.hermitagemuseum.org/what-s-on/4e1cc209fbeb9ce2001e50749f4bb4b0
Hermitage Museum,,https://www.hermitagemuseum.org/what-s-on/a7d7cd92ac6c1007486fa636820c38e2
Hermitage Museum,,https://www.hermitagemuseum.org/what-s-on/2cf9e05b3fb676c0321643c12b8f7c2a
Hermitage Museum,,https://www.hermitagemuseum.org/what-s-on/36b72756dbd15fb43f59073956c69c20
Hermitage Museum,,https://www.hermitagemuseum.org/what-s-on/802ec3febc46a48370530eac2be67eb6
Hermitage Museum,,https://www.hermitagemuseum.org/what-s-on/1bac5f0d5f36949227a004aa508fe53a
Hermitage Museum,,https://www.hermitagemuseum.org/what-s-on/63e76e0424721a21f34440fc6f988bcc
Hermitage Museum,,https://www.hermitagemuseum.org/what-s-on/2f9abdda8b09d3a448933b8b70f23bd4
Hermitage Museum,,https://www.hermitagemuseum.org/what-s-on/95bb7750f45268200a29c6f5b940df70
Hermitage Museum,,https://www.hermitagemuseum.org/what-s-on/13bdb1cef37b7030df5b86ad638350ef
Hermitage Museum,,https://www.hermitagemuseum.org/what-s-on/6fd75f9423c17fb5b835d7580fc804bd
Hermitage Museum,,https://www.hermitagemuseum.org/what-s-on/7d95383ccc71071c53900fc2a2d8e98a
Hermitage Museum,,https://www.hermitagemuseum.org/what-s-on/42cf948085fe527a3ed545164d755071
Hermitage Museum,,https://www.hermitagemuseum.org/what-s-on/20564fc81ac2d90967ad499d075188ce
Hermitage Museum,,https://www.hermitagemuseum.org/what-s-on/b42a11049879f9d693c152ce16fbe3b1
Hermitage Museum,,https://www.hermitagemuseum.org/what-s-on/6c97b6a0e48129ac5449732c2f962542
Hermitage Museum,,https://www.hermitagemuseum.org/what-s-on/2cfe4dc2f3ea6c5204605aee37984122
Hermitage Museum,,https://www.hermitagemuseum.org/what-s-on/90e70f382fcf19f227acade43b2f8ddd
Hermitage Museum,,https://www.hermitagemuseum.org/what-s-on/ea2a094b34783b7a2733b3c140d9b86a
Hermitage Museum,,https://www.hermitagemuseum.org/what-s-on/0b0068aa3d038cb2db71dda8e903a3fa
Hermitage Museum,,https://www.hermitagemuseum.org/what-s-on/e8212cd5c2a47294f8db25cee5d34859
Hermitage Museum,,https://www.hermitagemuseum.org/what-s-on/781a2f8530c0e80c835333a011073358
Hermitage Museum,,https://www.hermitagemuseum.org/what-s-on/c3c1320152d16d9dae5d25dd8334c2ff
Hermitage Museum,,https://www.hermitagemuseum.org/what-s-on/b25d1da720b1dac65f1e2b5d9aa08aa7
Hermitage Museum,,https://www.hermitagemuseum.org/what-s-on/3cf4bb8f4dfbaaef452294fd4cb6ca47
Hermitage Museum,,https://www.hermitagemuseum.org/what-s-on/36d1a2d7bacbc20aca83cb9382f4259a
Hermitage Museum,,https://www.hermitagemuseum.org/what-s-on/590c266588f0bf009aa6c2c4df042a64
Hermitage Museum,,https://www.hermitagemuseum.org/what-s-on/7b4cec77e7957f3bc4bca6c227fe3496
Hermitage Museum,,https://www.hermitagemuseum.org/what-s-on/609f3bb2b9dbf62d47353363c672dcd6
Hermitage Museum,,https://www.hermitagemuseum.org/what-s-on/3e383f8301538c403c3e21c586d10623
Hermitage Museum,,https://www.hermitagemuseum.org/what-s-on/c16d5cdd9bac6b82b5196d02a8f9af65
Hermitage Museum,,https://www.hermitagemuseum.org/what-s-on/6e9b6855ba23c76455093a2fe8991112
Hermitage Museum,,https://www.hermitagemuseum.org/what-s-on/99efd855eec2a9b5ec70fcd34435f3fa
Hermitage Museum,,https://www.hermitagemuseum.org/what-s-on/0a72b57e19a83ae0d9b582cf9fe0084c
Hermitage Museum,,https://www.hermitagemuseum.org/what-s-on/35bb1cb53564fd9ca8f8404388074b84
Hermitage Museum,,https://www.hermitagemuseum.org/what-s-on/3d89ec8dda5f84dca6f7c8b4275c9a9d
Hermitage Museum,,https://www.hermitagemuseum.org/what-s-on/27b2e6a224305dba7edd5def6dd865c3
Hermitage Museum,,https://www.hermitagemuseum.org/what-s-on/003bf093b287ef84c56c02e0766ef572
Hermitage Museum,,https://www.hermitagemuseum.org/what-s-on/6c11a4f7ef0ad30757f6fcf0b4b80c77
Hermitage Museum,,https://www.hermitagemuseum.org/what-s-on/9a6eeea5391d8bd5ebb6663a5573f2e5
Hermitage Museum,,https://www.hermitagemuseum.org/what-s-on/fa0e1262ccc6d9f804e9070e7b3ac7df
Hermitage Museum,,https://www.hermitagemuseum.org/what-s-on/38023223c3072a8df39a38ddfc0ab0be
Hermitage Museum,,https://www.hermitagemuseum.org/what-s-on/834666f14da67449270b2ae9193f04bc
Hermitage Museum,,https://www.hermitagemuseum.org/what-s-on/e0727f1ced070359de8a01722f4725ae
Hermitage Museum,,https://www.hermitagemuseum.org/what-s-on/cdbc0385791b04586b19719b179f8997
Hermitage Museum,,https://www.hermitagemuseum.org/what-s-on/1da1582b5a6421e1a872e172232f08d9
Hermitage Museum,,https://www.hermitagemuseum.org/what-s-on/682298c87b5025ff589a470af3b7ff34
Hermitage Museum,,https://www.hermitagemuseum.org/what-s-on/e20103252ab2d64d28198036de587c90
Hermitage Museum,,https://www.hermitagemuseum.org/what-s-on/49eb82fb9b738e112450bd67bc1c0741
Hermitage Museum,,https://www.hermitagemuseum.org/what-s-on/f78a9107f6d4ca9ca7764e3afaa2870e
Hermitage Museum,,https://www.hermitagemuseum.org/what-s-on/05bcb21de3f46e090d2686c9b429bfd8
Hermitage Museum,,https://www.hermitagemuseum.org/what-s-on/8460c8f0f73a14c309aafdf0e4dce5c9
Hermitage Museum,,https://www.hermitagemuseum.org/what-s-on/a6b25c3d50dcba93dbc13c928f8b8781
Hermitage Museum,,https://www.hermitagemuseum.org/what-s-on/f34e842c2b95f4df62f4c0a90afd9302
Hermitage Museum,,https://www.hermitagemuseum.org/what-s-on/03454ee7e99da13659922d42c09f81c3
Hermitage Museum,,https://www.hermitagemuseum.org/what-s-on/64d7049b2c56a1b31169238a8e967c62
Hermitage Museum,,https://www.hermitagemuseum.org/what-s-on/3fe5055b59c5aca9731011d41134642b
Hermitage Museum,,https://www.hermitagemuseum.org/what-s-on/e1b430555dad07407a1803f6c0628542
Hermitage Museum,,https://www.hermitagemuseum.org/what-s-on/1f8171630291ade8c430be8b43b93aad
Hermitage Museum,,https://www.hermitagemuseum.org/what-s-on/8d26ac4ab4d0f6d7e1b7659b6e433416
Hermitage Museum,,https://www.hermitagemuseum.org/what-s-on/2324e36c9865e192c263181a1d57fb03
Hermitage Museum,,https://www.hermitagemuseum.org/what-s-on/dad167cf0bb2a09387202ee7fc7be9d0
Hermitage Museum,,https://www.hermitagemuseum.org/what-s-on/64ce9880399c0a11638234d3c1d4e53f
Hermitage Museum,,https://www.hermitagemuseum.org/what-s-on/8db0db8975a61da1fe80a730444d453f
Hermitage Museum,,https://www.hermitagemuseum.org/what-s-on/9faf12038b6f66a653374e3a9a9f58b5
Hermitage Museum,,https://www.hermitagemuseum.org/what-s-on/3c0ea25e41cc0c2a65e362b5cef94ca4
Hermitage Museum,,https://www.hermitagemuseum.org/what-s-on/1945f5eb6a46e525560ef88e73d0cd04
Hermitage Museum,,https://www.hermitagemuseum.org/what-s-on/c94f24df969724a5ff51edba8f031eac
Hermitage Museum,,https://www.hermitagemuseum.org/what-s-on/c1cc454e91fb5bb0a980530243e05e3c
Hermitage Museum,,https://www.hermitagemuseum.org/what-s-on/c9f98be9194e4278b687ff1a5c3e112a
Hermitage Museum,,https://www.hermitagemuseum.org/what-s-on/e98a25756f276cb2944c3db14534c167
Hermitage Museum,,https://www.hermitagemuseum.org/what-s-on/19c8f2eb8d7b3864d5ab7acea4a6a642
Hermitage Museum,,https://www.hermitagemuseum.org/what-s-on/2313d40f7a85f43e3c53eec3fa778fb6
Hermitage Museum,,https://www.hermitagemuseum.org/what-s-on/05e490fe4a4aa9c6683289536a101b80
Hermitage Museum,,https://www.hermitagemuseum.org/what-s-on/977223922ba5c8adb56b3687b0cfb3e0
Hermitage Museum,,https://www.hermitagemuseum.org/what-s-on/fb669926e123f894b9743c57ec685a12
Hermitage Museum,,https://www.hermitagemuseum.org/what-s-on/b7c056fcd756be121b6d753022b53913
Hermitage Museum,,https://www.hermitagemuseum.org/what-s-on/f55f0469e01a4cdbdc15047a8e30a970
Hermitage Museum,,https://www.hermitagemuseum.org/what-s-on/e1971f46b47b9b85455d95b8493903a0
Hermitage Museum,Эрмитаж в фотографиях – 2021,https://www.hermitagemuseum.org/what-s-on/cc72296b34bd8f483ed39853fba9f5eb
Hermitage Museum,Эрмитаж в публикациях – 2021,https://www.hermitagemuseum.org/what-s-on/fa06ed5a2ef95a8bbc1ecb3209dd7937
Hermitage Museum,,https://www.hermitagemuseum.org/what-s-on/684597fddadd187f80a740101570f2ff
Hermitage Museum,,https://www.hermitagemuseum.org/what-s-on/913982c193b9d29ddaa7a82eb7261634
Hermitage Museum,,https://www.hermitagemuseum.org/what-s-on/aff08a9a85bd932bb4d553febe0a80ab
Hermitage Museum,,https://www.hermitagemuseum.org/what-s-on/cb868049c9ce30b826cfa178f98b3d95
Hermitage Museum,,https://www.hermitagemuseum.org/what-s-on/bd3243a43e60966558bf711ffa90c438
Hermitage Museum,,https://www.hermitagemuseum.org/what-s-on/c9c0c3fbe73a29dcd3a8df36b7549795
Hermitage Museum,,https://www.hermitagemuseum.org/what-s-on/e2b1d12c344ae1476525035420391e61
Hermitage Museum,,https://www.hermitagemuseum.org/what-s-on/4a65c139e110bd8c75b2d1116317a6dd
Hermitage Museum,,https://www.hermitagemuseum.org/what-s-on/b55de00d65cfa0e77cb49c2efc588a71
Hermitage Museum,,https://www.hermitagemuseum.org/what-s-on/3b0f5345904ebb9ad304c34fd33ac9a5
Hermitage Museum,,https://www.hermitagemuseum.org/what-s-on/847257d699a3b21ee12399cfced3e125
Hermitage Museum,,https://www.hermitagemuseum.org/what-s-on/4af107b27a04430289277f1084395c56
Hermitage Museum,,https://www.hermitagemuseum.org/what-s-on/47992b1ccdae8a0bf021a3ee313c9e52
Hermitage Museum,,https://www.hermitagemuseum.org/what-s-on/c7586b4bea1077b04525de8e33301bda
Hermitage Museum,,https://www.hermitagemuseum.org/what-s-on/bfdcf80a06c5427e177a3764b59284c4
Hermitage Museum,,https://www.hermitagemuseum.org/what-s-on/fdc26db82c3ab782543e9c9633717179
Hermitage Museum,,https://www.hermitagemuseum.org/what-s-on/22e81c66a2af4bcefd0dbace3b39645d
Hermitage Museum,,https://www.hermitagemuseum.org/what-s-on/898a2b09834a769eab02bb8961ea8baf
Hermitage Museum,,https://www.hermitagemuseum.org/what-s-on/15b5f5dcefc9f1c09f00ec7431c0ff0b
Hermitage Museum,,https://www.hermitagemuseum.org/what-s-on/9bdc46f45e9fe8acb6f7545a9ce09e5a
Hermitage Museum,,https://www.hermitagemuseum.org/what-s-on/38686f80afe241d6b368d736ff62ff87
Hermitage Museum,,https://www.hermitagemuseum.org/what-s-on/877146ef1c369ba4448719d975351d37
Hermitage Museum,,https://www.hermitagemuseum.org/what-s-on/dcf1e7820ec8e52cc99ef79ce7e87ffe
Hermitage Museum,,https://www.hermitagemuseum.org/what-s-on/0881f62a2dfe3873068d04b2a33473b5
Hermitage Museum,,https://www.hermitagemuseum.org/what-s-on/d5fc7a28015da84b829333bd541707c8
Hermitage Museum,,https://www.hermitagemuseum.org/what-s-on/eb762ccc5f5df27e0a158022e0dde97d
Hermitage Museum,,https://www.hermitagemuseum.org/what-s-on/5e71c95001d5e9cdcc761cd23e1b1294
Hermitage Museum,,https://www.hermitagemuseum.org/what-s-on/b4ae90be8a8f80a3311d8ee7e3f3b780
Hermitage Museum,,https://www.hermitagemuseum.org/what-s-on/ed06888fd827ebdca45d93ae8f3fd82e
Hermitage Museum,,https://www.hermitagemuseum.org/what-s-on/2a105be1f53244d1a850e727d5d26840
Hermitage Museum,,https://www.hermitagemuseum.org/what-s-on/a8c4371ebb7c7e2b607baf8688196ddd
Hermitage Museum,,https://www.hermitagemuseum.org/what-s-on/e900f87d01ba64867d791e8c3927d434
Hermitage Museum,,https://www.hermitagemuseum.org/what-s-on/72e079e09f655df5235125ddaed6f798
Hermitage Museum,,https://www.hermitagemuseum.org/what-s-on/61c16ce28708b3890dbe68617ee127fe
Hermitage Museum,,https://www.hermitagemuseum.org/what-s-on/281651b7cd65f2537e9a7ec5305fa7ee
Hermitage Museum,,https://www.hermitagemuseum.org/what-s-on/511f319b627914d22508bf872059de7c
Hermitage Museum,,https://www.hermitagemuseum.org/what-s-on/b009a2afe40483afd5101c2eae9e13b0
Hermitage Museum,,https://www.hermitagemuseum.org/what-s-on/af6f818eacdadf7349d4c33e5960c6ed
Hermitage Museum,,https://www.hermitagemuseum.org/what-s-on/4f1291ad274d8535a13ec8551583d365
Hermitage Museum,,https://www.hermitagemuseum.org/what-s-on/d12c3644825adec3d074ad7576e9cb7f
Hermitage Museum,,https://www.hermitagemuseum.org/what-s-on/ca95a78781b1c8c61250a2b7425f8012
Hermitage Museum,,https://www.hermitagemuseum.org/what-s-on/2e0f20abcec0a36f3b7d13cdd64a66a4
Hermitage Museum,,https://www.hermitagemuseum.org/what-s-on/afa2afd020dd559c1d814edfa3a68eb5
Hermitage Museum,,https://www.hermitagemuseum.org/what-s-on/151e79afb2f3325f3da1b7b941586a5f
Hermitage Museum,,https://www.hermitagemuseum.org/what-s-on/788656bc77bf1ade29fcb9c5e4a5657e
Hermitage Museum,,https://www.hermitagemuseum.org/what-s-on/dfa758a48e4bb01a03b53dd82b813f13
Hermitage Museum,,https://www.hermitagemuseum.org/what-s-on/896e393fbd3acb18f540d4c910446324
Hermitage Museum,,https://www.hermitagemuseum.org/what-s-on/a5e46392ba843b6e2b9832cad467fd47
Hermitage Museum,Выставка книг из Эрмитажианы в рамках Книжной ярмарки,https://www.hermitagemuseum.org/what-s-on/7ad957840f6bb0f77c7a75873808689f
Hermitage Museum,,https://www.hermitagemuseum.org/what-s-on/4dbd906a1f647f5d23ac1ec725f4699a
Hermitage Museum,,https://www.hermitagemuseum.org/what-s-on/bfaa20f5a4517a7d6391887ee8004038
Hermitage Museum,,https://www.hermitagemuseum.org/what-s-on/b53e3d381e8774bd16118764d294d9f6
Hermitage Museum,,https://www.hermitagemuseum.org/what-s-on/4132121543ebb50062b3f8d489004a6f
Hermitage Museum,,https://www.hermitagemuseum.org/what-s-on/8cb94a0e1511c67e124ee35fe50b0c8f
Hermitage Museum,,https://www.hermitagemuseum.org/what-s-on/2a275c862272935ae63b8063bf54c6b2
Hermitage Museum,,https://www.hermitagemuseum.org/what-s-on/10ef06e5717e29b76257f2db55b4a76c
Hermitage Museum,,https://www.hermitagemuseum.org/what-s-on/6af550dfd9cec169c657b741364b7658
Hermitage Museum,Последняя выставка года. Дар 2019 года,https://www.hermitagemuseum.org/what-s-on/4f28c7a294bb4eb936fda17c3b603bb1
Hermitage Museum,Мы рисуем в Эрмитаже,https://www.hermitagemuseum.org/what-s-on/dbfeb707b9b81aa16dc72225b6058eb2
Hermitage Museum,,https://www.hermitagemuseum.org/what-s-on/127b456c61543e96748f2b4ccc2dab34
Hermitage Museum,,https://www.hermitagemuseum.org/what-s-on/ad8b3882f1e52a010c6df901256fbaaf
Hermitage Museum,,https://www.hermitagemuseum.org/what-s-on/7434a69caaaf6fba354eebcde1a60a92
Hermitage Museum,Эрмитаж в фотографиях и в публикациях,https://www.hermitagemuseum.org/what-s-on/7ca728a03cd6eb5bccf26a51c10f8cbf
Hermitage Museum,,https://www.hermitagemuseum.org/what-s-on/01bee7cda9364617e683498e53e45338
Hermitage Museum,,https://www.hermitagemuseum.org/what-s-on/295bcb6635121e7063d214038a37fb3a
Hermitage Museum,,https://www.hermitagemuseum.org/what-s-on/1b4eb0e8641f2ba8dfd6416bfa82788b
Hermitage Museum,,https://www.hermitagemuseum.org/what-s-on/54b451fe38e91b27a5a8f185684b86ea
Hermitage Museum,,https://www.hermitagemuseum.org/what-s-on/73036eb8a644b18a0c342865b98311ea
Hermitage Museum,Книга художника: от Пьера Боннара до Энди Уорхола. Дар Марка Башмакова Государственному Эрмитажу,https://www.hermitagemuseum.org/what-s-on/d225fb2cb653565fe3f8b0e06a870a62
Hermitage Museum,,https://www.hermitagemuseum.org/what-s-on/cf60295d11d7ff08519393e86d8ab683
Hermitage Museum,,https://www.hermitagemuseum.org/what-s-on/9de604d3d916c6a0a505aa532a5fdf2f
Hermitage Museum,,https://www.hermitagemuseum.org/what-s-on/c61dde6d20c5a8ec9777fea8b0d23de9
Hermitage Museum,,https://www.hermitagemuseum.org/what-s-on/3760bef6b6562c82168d0f0d983cb21b
Hermitage Museum,,https://www.hermitagemuseum.org/what-s-on/fecaadff5ad7b7ba33581be58991d7bb
Hermitage Museum,,https://www.hermitagemuseum.org/what-s-on/8f64114390624c9afd18ed0fa7d51bef
Hermitage Museum,,https://www.hermitagemuseum.org/what-s-on/33ef79308b210bd498e44ed9cc373d9d
Hermitage Museum,,https://www.hermitagemuseum.org/what-s-on/284d72652793fa6468d439cb7bc278a2
Hermitage Museum,,https://www.hermitagemuseum.org/what-s-on/f21c617657981225ca25bb119c53fe91
Hermitage Museum,,https://www.hermitagemuseum.org/what-s-on/0b7c351fc762b4a45b873b44258d6809
Hermitage Museum,,https://www.hermitagemuseum.org/what-s-on/68ab5e9bc02f3d415989598073ff11dd
Hermitage Museum,,https://www.hermitagemuseum.org/what-s-on/6c468fae0c8222fa5e96415c6cd718ab
Hermitage Museum,,https://www.hermitagemuseum.org/what-s-on/19e34cf1c41951af544a785022ffd058
Hermitage Museum,,https://www.hermitagemuseum.org/what-s-on/8a8bc7f34b9531c4b0e1b184bfb0134a
Hermitage Museum,,https://www.hermitagemuseum.org/what-s-on/8ccbb01570b2f028a1f0390a622b77ff
Hermitage Museum,,https://www.hermitagemuseum.org/what-s-on/bdcc903f1f2334be273822b7aec803ec
Hermitage Museum,,https://www.hermitagemuseum.org/what-s-on/3ab54daf7d53ee46ebf10f5e93548616
Hermitage Museum,,https://www.hermitagemuseum.org/what-s-on/9c5efef0f4584124d909b9d5bdf3dc55
Hermitage Museum,,https://www.hermitagemuseum.org/what-s-on/4b85b48aacb78271ead8566891801aeb
Hermitage Museum,,https://www.hermitagemuseum.org/what-s-on/18b9082788313ef826952877f6d77bb8
Hermitage Museum,Выставка в рамках Дня эрмитажного кота,https://www.hermitagemuseum.org/what-s-on/adc5ed6d72267e6e484c6876dd83c3b3
Hermitage Museum,,https://www.hermitagemuseum.org/what-s-on/a7f45fdbafcd8b99d564544f9e4575e2
Hermitage Museum,,https://www.hermitagemuseum.org/what-s-on/43d3d44daf845da0c05eef5611a998b3
Hermitage Museum,,https://www.hermitagemuseum.org/what-s-on/b2057edad891bab9f9e780d4ed396ab9
Hermitage Museum,,https://www.hermitagemuseum.org/what-s-on/bf75b8a20045b910e7e46fa0c644f8eb
Hermitage Museum,,https://www.hermitagemuseum.org/what-s-on/4fe592b30c3609b9409098bad93f4ae3
Hermitage Museum,,https://www.hermitagemuseum.org/what-s-on/362831bfe226892b459a5ce1ac560a7a
Hermitage Museum,,https://www.hermitagemuseum.org/what-s-on/cd9c548f54f6f7b44b57f275266a918c
Hermitage Museum,,https://www.hermitagemuseum.org/what-s-on/c6c808babeaae6d894cfcae5b0787a5c
Hermitage Museum,,https://www.hermitagemuseum.org/what-s-on/ac28d5edd8c92ada3538514c4eff0785
Hermitage Museum,,https://www.hermitagemuseum.org/what-s-on/4f2161b3b74dc8949de38784c76e9026
Hermitage Museum,,https://www.hermitagemuseum.org/what-s-on/de722b22590adef2c618e98233f1da59
Hermitage Museum,,https://www.hermitagemuseum.org/what-s-on/0330f4f5dca2dd0b047b30bf568fcfc6
Hermitage Museum,,https://www.hermitagemuseum.org/what-s-on/79fd0d14a18995a2771d64958bc0b92f
Hermitage Museum,Фотографии Кандиды Хефер,https://www.hermitagemuseum.org/what-s-on/d8e95dd9487598aa94a8a29ebbf07395
Hermitage Museum,Последняя выставка года. Дары 2018 года,https://www.hermitagemuseum.org/what-s-on/2c3ba72c4adc359adf81f7cdbe841934
Hermitage Museum,,https://www.hermitagemuseum.org/what-s-on/f64ed132b1a842bb4b9c98ec1c06d61a
Hermitage Museum,,https://www.hermitagemuseum.org/what-s-on/fcdefce5cd0627d3e7059517d6e5f1bd
Hermitage Museum,Мы рисуем в Эрмитаже,https://www.hermitagemuseum.org/what-s-on/b174bd59da2f82103160c5bcba435462
Hermitage Museum,,https://www.hermitagemuseum.org/what-s-on/edb13f6fc61549aef418f853dbe636cd
Hermitage Museum,,https://www.hermitagemuseum.org/what-s-on/1ca3e0a9d41a371e72b41ba5fc22935d
Hermitage Museum,,https://www.hermitagemuseum.org/what-s-on/d64b0b97128255afe08d805c5e55cfde
Hermitage Museum,,https://www.hermitagemuseum.org/what-s-on/a9bed5c03736d18e5993d0dfd428b374
Hermitage Museum,,https://www.hermitagemuseum.org/what-s-on/53b76cdea33e703f09bf6ef9bbdd409b
Hermitage Museum,,https://www.hermitagemuseum.org/what-s-on/683ac91368a7eb4ef46ecd11c0bb66e9
Hermitage Museum,,https://www.hermitagemuseum.org/what-s-on/8cea73dd45fa66aabd63e2ed645bf90f
Hermitage Museum,,https://www.hermitagemuseum.org/what-s-on/05525a66f309296e4f19180033b714ee
Hermitage Museum,,https://www.hermitagemuseum.org/what-s-on/d9ccec374b61aab9c1cda962368bc5e6
Hermitage Museum,К 500-летию со дня рождения Якопо Тинторетто. Два портрета из собрания Музея Коррер – Галерей Венецианской академии,https://www.hermitagemuseum.org/what-s-on/54d44836447ebe1a81c545f7a6965f47
Hermitage Museum,,https://www.hermitagemuseum.org/what-s-on/10d2195c9aba3db017ac78debe7db473
Hermitage Museum,,https://www.hermitagemuseum.org/what-s-on/bcc081b519f144e0a638dc7fe9f9e8da
Hermitage Museum,,https://www.hermitagemuseum.org/what-s-on/0d3dd0eba710d4f6cce99041132e381d
Hermitage Museum,,https://www.hermitagemuseum.org/what-s-on/e4cb077bec05ec1a8c742e137ccbe745
Hermitage Museum,,https://www.hermitagemuseum.org/what-s-on/429bbaedb2dd905f5b2deefddfdd6528
Hermitage Museum,,https://www.hermitagemuseum.org/what-s-on/3827fe5236dd92dec67bb4e15d99c0df
Hermitage Museum,,https://www.hermitagemuseum.org/what-s-on/b11f509a10ffe0482427f767184405c1
Hermitage Museum,,https://www.hermitagemuseum.org/what-s-on/62b8217591e94bfd98e7092b55070ee2
Hermitage Museum,,https://www.hermitagemuseum.org/what-s-on/19289a288741ad93df917d0a81c1f7ac
Hermitage Museum,,https://www.hermitagemuseum.org/what-s-on/ea21665235f7017109aaf695b112ad58
Hermitage Museum,,https://www.hermitagemuseum.org/what-s-on/08a706c0fcb71812a25d55ed5a98f8b6
Hermitage Museum,,https://www.hermitagemuseum.org/what-s-on/c6005dc19e4148595a0aad630d4c81ce
Hermitage Museum,,https://www.hermitagemuseum.org/what-s-on/9edbd1ee58a571be4c5972e6d5525beb
Hermitage Museum,,https://www.hermitagemuseum.org/what-s-on/3368c1c8cd1e197b4a46b9ee70ae3578
Hermitage Museum,,https://www.hermitagemuseum.org/what-s-on/f38d1c5ecdea3e7df99a59d73fb3616d
Hermitage Museum,,https://www.hermitagemuseum.org/what-s-on/3a3ad2a1ef11ed457f72eb440ad38b98
Hermitage Museum,,https://www.hermitagemuseum.org/what-s-on/c579d31df355411bb4c5f23900a9fd30
Hermitage Museum,,https://www.hermitagemuseum.org/what-s-on/b112ed21a710bbfd8255a9b2a10a2acc
Hermitage Museum,,https://www.hermitagemuseum.org/what-s-on/e6c3badfaa44751e598987859e85142f
Hermitage Museum,,https://www.hermitagemuseum.org/what-s-on/16bdf4393a8bb3673e58c9b25c799d99
Hermitage Museum,,https://www.hermitagemuseum.org/what-s-on/a46600991f08efb1a586d6e00b42f075
Hermitage Museum,,https://www.hermitagemuseum.org/what-s-on/6e057e23f264a84ae53c63b1f3e4b287
Hermitage Museum,,https://www.hermitagemuseum.org/what-s-on/7b08c2be0dc466f9671b5d1e83acb34f
Hermitage Museum,,https://www.hermitagemuseum.org/what-s-on/60a92decaf9649b735112002540d12fb
Hermitage Museum,,https://www.hermitagemuseum.org/what-s-on/c309dfc9f044a13515efd1453c3995aa
Hermitage Museum,,https://www.hermitagemuseum.org/what-s-on/b1a2e2bb0fe9a9247c29e2ce688651f3
Hermitage Museum,,https://www.hermitagemuseum.org/what-s-on/a696d76fa73b6d5c09095c56b41921e1
Hermitage Museum,«От улыбки станет всем теплей». Программа «Прошлое на кончиках пальцев»,https://www.hermitagemuseum.org/what-s-on/a28db67f53aae71cc7a236e57a1e915a
Hermitage Museum,,https://www.hermitagemuseum.org/what-s-on/c29215d23d81c95237b180cfe319cf5d
Hermitage Museum,Мы рисуем в Эрмитаже,https://www.hermitagemuseum.org/what-s-on/1e4d46af7d1bd7145e19a85b594df8cd
Hermitage Museum,,https://www.hermitagemuseum.org/what-s-on/fef6f900888944dce69b369744191046
Hermitage Museum,,https://www.hermitagemuseum.org/what-s-on/a99cd74025452929a971afee63b3b4c7
Hermitage Museum,,https://www.hermitagemuseum.org/what-s-on/c62c7741a540109e257f739798c1606b
Hermitage Museum,,https://www.hermitagemuseum.org/what-s-on/ad4b687e18b5d5f17b5a8ee51da8db04
Hermitage Museum,,https://www.hermitagemuseum.org/what-s-on/6c9ec6c85ae9feef1415af7d6c97249a
Hermitage Museum,,https://www.hermitagemuseum.org/what-s-on/27fa2ed3915001b25cbb3ff5de2489ce
Hermitage Museum,,https://www.hermitagemuseum.org/what-s-on/45976bca38e4b2c7280dae3c5c859f2f
Hermitage Museum,,https://www.hermitagemuseum.org/what-s-on/9a019edf5b3c800a91c0d65affc365e2
Hermitage Museum,,https://www.hermitagemuseum.org/what-s-on/d980e70737a7ffdf4d3dba82e619c3d6
Hermitage Museum,,https://www.hermitagemuseum.org/what-s-on/b2896416825a7530864d03e8be1dd8cb
Hermitage Museum,,https://www.hermitagemuseum.org/what-s-on/e57ef60b4f6846120084deb014c980e4
Hermitage Museum,,https://www.hermitagemuseum.org/what-s-on/2cf7e04c621724db89b79ca31471b96a
Hermitage Museum,,https://www.hermitagemuseum.org/what-s-on/991ca0c0343d47f6c8b8f232c1ba17d3
Hermitage Museum,,https://www.hermitagemuseum.org/what-s-on/0996c3fa322ee786cc3d920afef83cb0
Hermitage Museum,,https://www.hermitagemuseum.org/what-s-on/ceab99b941bce41d392789d4724a0fd2
Hermitage Museum,,https://www.hermitagemuseum.org/what-s-on/82bed5b78f69fdb4bcd8cf130dfc9800
Hermitage Museum,,https://www.hermitagemuseum.org/what-s-on/5214e3c5c21a3d05809d1ab7ebd211e1
Hermitage Museum,,https://www.hermitagemuseum.org/what-s-on/a69ec43839d0c379ec0afdf9b44e2748
Hermitage Museum,,https://www.hermitagemuseum.org/what-s-on/d08ad210d43f925060ada260e21532d4
Hermitage Museum,,https://www.hermitagemuseum.org/what-s-on/b4fc7abca15a6b8e4c33751dd28205c4
Hermitage Museum,,https://www.hermitagemuseum.org/what-s-on/16a7828f61224aa869cbf5fd2622f7d3
Hermitage Museum,,https://www.hermitagemuseum.org/what-s-on/b34188d9642b554b8da64b22354cd114
Hermitage Museum,,https://www.hermitagemuseum.org/what-s-on/e1e37131dad7740805bd8344bcab7ba4
Hermitage Museum,,https://www.hermitagemuseum.org/what-s-on/6b5ccdd91270bb6e93971ffb039e2f1c
Hermitage Museum,,https://www.hermitagemuseum.org/what-s-on/ea5142646ee8128af35068b5f56c3c07
Hermitage Museum,,https://www.hermitagemuseum.org/what-s-on/6a5cec19dd90fc7e19d5804356fe8174
Hermitage Museum,,https://www.hermitagemuseum.org/what-s-on/5245e9e8430659dea4618bf020f1587b
Hermitage Museum,,https://www.hermitagemuseum.org/what-s-on/ed5de68aa29d6ecd4c88b8ddac887974
Hermitage Museum,,https://www.hermitagemuseum.org/what-s-on/f3ee2b1e015915d9a1ad0b56af1a8e45
Hermitage Museum,,https://www.hermitagemuseum.org/what-s-on/85325a7ec27c7fd431d8cfa5a5c9e905
Hermitage Museum,,https://www.hermitagemuseum.org/what-s-on/8f5a187469d71dc144922c80bdf2099c
Hermitage Museum,,https://www.hermitagemuseum.org/what-s-on/a7e0efae5b1cb9f499144bf68e6b71b7
Hermitage Museum,,https://www.hermitagemuseum.org/what-s-on/a280654012f73e0bdc500374782d8959
Hermitage Museum,,https://www.hermitagemuseum.org/what-s-on/c5850afa9b99fa352ec2f9c052fe1267
Hermitage Museum,,https://www.hermitagemuseum.org/what-s-on/3de941821452a6fe14225b808068a9bf
Hermitage Museum,,https://www.hermitagemuseum.org/what-s-on/4a961e50a7fd80e26eb42a46ff86b7e0
Hermitage Museum,,https://www.hermitagemuseum.org/what-s-on/e9e4ff2475fd05e68962c1fc154074c3
Hermitage Museum,,https://www.hermitagemuseum.org/what-s-on/fb69f403411b55ba8f34c542cefba3f3
Hermitage Museum,,https://www.hermitagemuseum.org/what-s-on/1f879a4974a99e05d5f44b0a311c0f40
Hermitage Museum,,https://www.hermitagemuseum.org/what-s-on/fda0ad578764c9f9b77a1d8bf22307e6
Hermitage Museum,,https://www.hermitagemuseum.org/what-s-on/2df6594252d49c5d08108803c1ad1f44
Hermitage Museum,,https://www.hermitagemuseum.org/what-s-on/c5198d22db2de7638166453d2724c7fe
Hermitage Museum,,https://www.hermitagemuseum.org/what-s-on/7a6f886dd8a199a7f0c7f9105d173d0a
Hermitage Museum,,https://www.hermitagemuseum.org/what-s-on/ba4fefa052902c4be187628dc3c11775
Hermitage Museum,,https://www.hermitagemuseum.org/what-s-on/7529e141442d81009ab863aa4616ba75
Hermitage Museum,,https://www.hermitagemuseum.org/what-s-on/7ea034d380f2027c1d839584c451418d
Hermitage Museum,,https://www.hermitagemuseum.org/what-s-on/0f99a36b088fbaacd2b7cacc46962a0f
Hermitage Museum,,https://www.hermitagemuseum.org/what-s-on/e3e8c1beee3714ccece7bde3e0bb9f5d
Hermitage Museum,,https://www.hermitagemuseum.org/what-s-on/69a2cafdc137b4d3eb5e4735de3e6a58
Hermitage Museum,,https://www.hermitagemuseum.org/what-s-on/1b01cf7a4bddc94a7cb4ebdf33d032dd
Hermitage Museum,,https://www.hermitagemuseum.org/what-s-on/5282717b603447031ac059e2d23edac7
Hermitage Museum,,https://www.hermitagemuseum.org/what-s-on/08706e170f64de2705718f85c062e405
Hermitage Museum,,https://www.hermitagemuseum.org/what-s-on/98812dde347072dba1c1acc2fcb5f9de
Hermitage Museum,,https://www.hermitagemuseum.org/what-s-on/294211736c738cd449c9238ed71d3af5
Hermitage Museum,,https://www.hermitagemuseum.org/what-s-on/f93faa86562fa989ce1460e5cc8f9b10
Hermitage Museum,,https://www.hermitagemuseum.org/what-s-on/e80aa49f7adf2fd66452d997f5fd75b4
Hermitage Museum,,https://www.hermitagemuseum.org/what-s-on/5ef1e56d4ab4fccf9ae2dd5b2bd3d918
Hermitage Museum,,https://www.hermitagemuseum.org/what-s-on/e3347f934c6b6e530fda5a8d723b0a1e
Hermitage Museum,,https://www.hermitagemuseum.org/what-s-on/fd6177f281e761305debce8e2dbbb900
Hermitage Museum,,https://www.hermitagemuseum.org/what-s-on/529c59b9d5eec550b1f4cb60148363d7
Hermitage Museum,,https://www.hermitagemuseum.org/what-s-on/e969d08276e789cf3155b750537ef66c
Hermitage Museum,,https://www.hermitagemuseum.org/what-s-on/27cc8792edce2690955fc6f3db075684
Hermitage Museum,,https://www.hermitagemuseum.org/what-s-on/e872b30399da76598d1db346b43ccd6b
Hermitage Museum,,https://www.hermitagemuseum.org/what-s-on/b462483ed42dafb04a5aa896d42b5429
Hermitage Museum,,https://www.hermitagemuseum.org/what-s-on/d0ea2d4a4a8a4521f09653348c24d579
Hermitage Museum,,https://www.hermitagemuseum.org/what-s-on/002a3b4db203e440c5945673e75b8e94
Hermitage Museum,,https://www.hermitagemuseum.org/what-s-on/43ea2037ce594c870e6a1a8a6253def6
Hermitage Museum,,https://www.hermitagemuseum.org/what-s-on/d3ddb7d64461ba6ba69880cc8cbb6dbb
Hermitage Museum,,https://www.hermitagemuseum.org/what-s-on/b171c37f62671b83609054e98ae6efc2
Hermitage Museum,,https://www.hermitagemuseum.org/what-s-on/5e802e25a8c80039eee8fdeb90725ce1
Hermitage Museum,,https://www.hermitagemuseum.org/what-s-on/95c1a49beb6a9ebf3f7201780e1b9835
Hermitage Museum,,https://www.hermitagemuseum.org/what-s-on/c6c79d2a2a54cf240cbbaf16e35cd855
Hermitage Museum,Выставка в рамках празднования Дня Йемена и Дня Сирии в Эрмитаже,https://www.hermitagemuseum.org/what-s-on/e7e18e1d64758ede42aac1189a3b04db
Hermitage Museum,,https://www.hermitagemuseum.org/what-s-on/a14935595bbe5c20c395944ac283102f
Hermitage Museum,,https://www.hermitagemuseum.org/what-s-on/8c1570da6d5b2d22ca6d8976652e1571
Hermitage Museum,,https://www.hermitagemuseum.org/what-s-on/fc4de37b9ae533292d66f9018a546cb7
Hermitage Museum,,https://www.hermitagemuseum.org/what-s-on/6d28ed27fae100ba124e786f3a8d5bc2
Hermitage Museum,,https://www.hermitagemuseum.org/what-s-on/7451a8260a83d0a7b18120883469a92e
Hermitage Museum,,https://www.hermitagemuseum.org/what-s-on/0cc844db36456c9158b953451e0fdba0
Hermitage Museum,,https://www.hermitagemuseum.org/what-s-on/b2567e536fe51e36a39e1b42107e06da
Hermitage Museum,,https://www.hermitagemuseum.org/what-s-on/3c042b5f59a5c02d8949482ae37e08d5
Hermitage Museum,,https://www.hermitagemuseum.org/what-s-on/001850b67e2e3546e956faedcd8aa8b8
Hermitage Museum,,https://www.hermitagemuseum.org/what-s-on/898e0a1c2bae3a1344ef29ae2fe8c4d2
Hermitage Museum,,https://www.hermitagemuseum.org/what-s-on/18cfa5e3075bb7135c0df919dd0fc848
Hermitage Museum,,https://www.hermitagemuseum.org/what-s-on/085016ff24d308a293a1dc0654ab9d7a
Hermitage Museum,,https://www.hermitagemuseum.org/what-s-on/5798dc6f6e81a444d284cd4ef7b83220
Hermitage Museum,,https://www.hermitagemuseum.org/what-s-on/362bf033876bff208f08af216ddae7e9
Hermitage Museum,,https://www.hermitagemuseum.org/what-s-on/6f6cdbc597205b80633a3fb8e68ef818
Hermitage Museum,,https://www.hermitagemuseum.org/what-s-on/c713606f42f1ca2543d3d172575da863
Hermitage Museum,,https://www.hermitagemuseum.org/what-s-on/27628b802bbb2b5d66ec1b476fee8e87
Hermitage Museum,,https://www.hermitagemuseum.org/what-s-on/74532c98c3e9ec37411139c8a5c90ca0
Hermitage Museum,,https://www.hermitagemuseum.org/what-s-on/fc19dd7233f99beb6c3695303556855f
Hermitage Museum,,https://www.hermitagemuseum.org/what-s-on/a948c391e9cb0a331f9962e83bfba19e
Hermitage Museum,Эрмитаж в публикациях 2015,https://www.hermitagemuseum.org/what-s-on/6acc6e6576b0f6313de1db4da5a0f519
Hermitage Museum,,https://www.hermitagemuseum.org/what-s-on/f1e1af3d629640c175f4f2c47e2cde0a
Hermitage Museum,,https://www.hermitagemuseum.org/what-s-on/e6bb9a98db07a3a4a8bcbf326bf8b110
Hermitage Museum,,https://www.hermitagemuseum.org/what-s-on/cf6a5ce05c40cbbb7bbcbc9730518343
Hermitage Museum,,https://www.hermitagemuseum.org/what-s-on/96d265e78424c3887374faa3166a4f8d
Hermitage Museum,,https://www.hermitagemuseum.org/what-s-on/6fc52c0959442226af0dc17f441fe1f6
Hermitage Museum,,https://www.hermitagemuseum.org/what-s-on/b40eeb44774fc8318a1af5e64d405103
Hermitage Museum,,https://www.hermitagemuseum.org/what-s-on/5b0b5308d16243ce900368b535aaf881
Hermitage Museum,,https://www.hermitagemuseum.org/what-s-on/c6340d341991afda11523b921843da41
Hermitage Museum,,https://www.hermitagemuseum.org/what-s-on/8546af446a33a9dd848cd9e8784bec27
Hermitage Museum,,https://www.hermitagemuseum.org/what-s-on/3ac889ba6d30dbc0407e071f128f9600
Hermitage Museum,,https://www.hermitagemuseum.org/what-s-on/a60573340170bfd81fe6b7509028fcf7
Hermitage Museum,,https://www.hermitagemuseum.org/what-s-on/e51681b9caeb768e5f1f376f858e2ab8
Hermitage Museum,,https://www.hermitagemuseum.org/what-s-on/4b595d152176b9146fc95d704ac73cab
Hermitage Museum,,https://www.hermitagemuseum.org/what-s-on/44ae5c365aed1617072f41d6bad9e18a
Hermitage Museum,,https://www.hermitagemuseum.org/what-s-on/e5f58c6a0ce8fe3326c5ff68d27af129
Hermitage Museum,,https://www.hermitagemuseum.org/what-s-on/3e4ed33cbd62c845ba8dc6129f75c53a
Hermitage Museum,,https://www.hermitagemuseum.org/what-s-on/2ba76325373cac863cbb7ad4fb37bff8
Hermitage Museum,,https://www.hermitagemuseum.org/what-s-on/438381876170fd9fd4480f57aaf69b56
Hermitage Museum,,https://www.hermitagemuseum.org/what-s-on/e7c24303fff32f757cc387a54b70a1b4
Hermitage Museum,,https://www.hermitagemuseum.org/what-s-on/2a9b3d0c25ca6674ef1b74aadd2c229d
Hermitage Museum,,https://www.hermitagemuseum.org/what-s-on/673ced4a3b22fe5064eaab0af4442551
Hermitage Museum,,https://www.hermitagemuseum.org/what-s-on/ed3c8f3f35d9e05ad00c24f9f3168a12
Hermitage Museum,,https://www.hermitagemuseum.org/what-s-on/ccfd61cadce84892a2651e15124bba39
Hermitage Museum,"Выставка-событие, посвященная передаче проекта «1941-2014» Ясумасы Моримура в дар Государственному Эрмитажу",https://www.hermitagemuseum.org/what-s-on/b2a15aa0be7da4e55200fe155464a3ac
Hermitage Museum,,https://www.hermitagemuseum.org/what-s-on/b421d4b00d590bbb70790ee9b7053a69
Hermitage Museum,,https://www.hermitagemuseum.org/what-s-on/0e067d04614cf6fea3232aa23f57ae46
Hermitage Museum,,https://www.hermitagemuseum.org/what-s-on/b354ce9436bc98128c521b3691a33cca
Hermitage Museum,,https://www.hermitagemuseum.org/what-s-on/fd7d7e6312605ece8f1277c131de69cb
Hermitage Museum,,https://www.hermitagemuseum.org/what-s-on/8eca7373d6b4bfd8d28c00be9bb269df
Hermitage Museum,Эрмитаж в публикациях 2014,https://www.hermitagemuseum.org/what-s-on/7c3de8ef272e4a2bab8ee3f5e5e8ecbf
Hermitage Museum,,https://www.hermitagemuseum.org/what-s-on/7ab4ed927609d1987bb881cc5ee1637a
Hermitage Museum,,https://www.hermitagemuseum.org/what-s-on/36c32304ed9fac18c02ff4ac8fc78fa9
Hermitage Museum,Мы рисуем в Эрмитаже,https://www.hermitagemuseum.org/what-s-on/23f772fbf26b2516f9a6f8bf69264739
Hermitage Museum,,https://www.hermitagemuseum.org/what-s-on/b1a969216672fa80589c206ba5f94ff3
Hermitage Museum,,https://www.hermitagemuseum.org/what-s-on/56a983a22c9bd138a5807e9002b5c816
Hermitage Museum,,https://www.hermitagemuseum.org/what-s-on/71665779253812a6e109e23c75e44289
Hermitage Museum,“Post Past”. Выставка плакатов к 250-летию Эрмитажа. Залы Главного штаба,https://www.hermitagemuseum.org/what-s-on/36c28d21b3e524167586bb9b2da02190
Hermitage Museum,,https://www.hermitagemuseum.org/what-s-on/3bbade99472cac0e63f33956a12c1f09
Hermitage Museum,,https://www.hermitagemuseum.org/what-s-on/6b8339d0dbd03a6eaff483a859352e41
Hermitage Museum,,https://www.hermitagemuseum.org/what-s-on/b9c6af2c797d68323d794cd824f1977a
Hermitage Museum,Саккос Митрополита Алексия. XIV век. Из собрания Музеев Московского Кремля. К завершению реставрации,https://www.hermitagemuseum.org/what-s-on/0ef37521903f2d6a75fdcf4f8ce09a1c
Hermitage Museum,,https://www.hermitagemuseum.org/what-s-on/01e1068d66f440ec5252ac412251d4d4
Hermitage Museum,,https://www.hermitagemuseum.org/what-s-on/4fb04f6e08cd7f2d6e09903eb5c1d14f
Hermitage Museum,Экфрасис,https://www.hermitagemuseum.org/what-s-on/ab2d008584b9321c701591d540045307
Hermitage Museum,Антонио Тарсиа. Статуя Юпитера. Представление дара Государственному Эрмитажу,https://www.hermitagemuseum.org/what-s-on/ca9b87d73f56bda12bf3eb8d2c8bc562
Hermitage Museum,Выставка фотографий «Из жизни экспедиции. Нимфейская археологическая экспедиция Государственного Эрмитажа 1939 – 2014 гг.»,https://www.hermitagemuseum.org/what-s-on/dd9375f7c2e8360b5dbb980cd8599516
Hermitage Museum,,https://www.hermitagemuseum.org/what-s-on/587d0ac67429803aab3aa16712780279
Hermitage Museum,,https://www.hermitagemuseum.org/what-s-on/7d1a065eeaaae41f6fe374db24592859
Hermitage Museum,,https://www.hermitagemuseum.org/what-s-on/aeb0fbd01ebbe0fb30e7e401836978c9
Hermitage Museum,,https://www.hermitagemuseum.org/what-s-on/8ca1b528e6b350eeda0e6482c6dade51
Hermitage Museum,,https://www.hermitagemuseum.org/what-s-on/08b30b69dfdde73e7b112ed50a0c57f0
Hermitage Museum,,https://www.hermitagemuseum.org/what-s-on/344e122db609adbffc754af128f97fe1
Hermitage Museum,,https://www.hermitagemuseum.org/what-s-on/9e2e371da82115939d9fd4b60abac0f9
Hermitage Museum,Открытие выставки «Первая мировая война в графике русских и немецких художников в собрании Эрмитажа»,https://www.hermitagemuseum.org/what-s-on/851e6d70b55ce6af0f77418d71f84bb5
Hermitage Museum,,https://www.hermitagemuseum.org/what-s-on/b6bb3b4f42f414023b78f29bad793748
Hermitage Museum,Клод Моне. Три пейзажа из Фонда Байелера,https://www.hermitagemuseum.org/what-s-on/ce89c4eb52d5132271285d9c915a276e
Hermitage Museum,,https://www.hermitagemuseum.org/what-s-on/6f7387cd11a53347006d76b3be910da2
Hermitage Museum,«Высочайшего двора служители»,https://www.hermitagemuseum.org/what-s-on/036ad0bd900861b2f06fdf3ce4b2b210
Hermitage Museum,,https://www.hermitagemuseum.org/what-s-on/40d63a08d24524f7d371a41ab679b5aa
Hermitage Museum,,https://www.hermitagemuseum.org/what-s-on/ca69d89a65ef6f13b65fd6f1b01af6a7
Hermitage Museum,,https://www.hermitagemuseum.org/what-s-on/2919c0f6b5c9a193f27a36ba31ac8eeb
Hermitage Museum,,https://www.hermitagemuseum.org/what-s-on/7086377e306bdc67dbcdcb67500113c8
Hermitage Museum,,https://www.hermitagemuseum.org/what-s-on/22dc350e1f18ca5f050ae24e61cda195
Hermitage Museum,,https://www.hermitagemuseum.org/what-s-on/0fc8762d6f488a9f42789aea83cbebf7
Hermitage Museum,,https://www.hermitagemuseum.org/what-s-on/59f6fbbfb4162d7a0576b64258be36b1
Hermitage Museum,,https://www.hermitagemuseum.org/what-s-on/a4affaa36fc5b7748759e3de945efb9f
Hermitage Museum,,https://www.hermitagemuseum.org/what-s-on/49825f0c117d156bd8c1c33d28d5ca7d
Hermitage Museum,,https://www.hermitagemuseum.org/what-s-on/bc9edd03b2796653cf46a0f22a957f83
Hermitage Museum,,https://www.hermitagemuseum.org/what-s-on/1af9e8fd5680f8b711d784e5a6f0b1db
Hermitage Museum,,https://www.hermitagemuseum.org/what-s-on/960c65cfffd1bded8d06aa91b0fe5e1c
Hermitage Museum,,https://www.hermitagemuseum.org/what-s-on/12f98fba23d01d0a84270f6f16bc1963
Hermitage Museum,,https://www.hermitagemuseum.org/what-s-on/26d0263acb444ff957e5adb49c29453b
Hermitage Museum,,https://www.hermitagemuseum.org/what-s-on/9bb7a705ee8db69da1a8438836c7ec1a
Hermitage Museum,,https://www.hermitagemuseum.org/what-s-on/4f6689ac1d6d4d025554f1a8c4bbdb31
Hermitage Museum,,https://www.hermitagemuseum.org/what-s-on/11bd6edbaf28143908132b6957cff43a
Hermitage Museum,,https://www.hermitagemuseum.org/what-s-on/fbd58b6e097c0b28363af815f9b50e3e
Hermitage Museum,,https://www.hermitagemuseum.org/what-s-on/5c89008b5f2081c481450f83e82b36c2
Hermitage Museum,,https://www.hermitagemuseum.org/what-s-on/5fc4f6569881175fc0b4252af4530e8d
Hermitage Museum,,https://www.hermitagemuseum.org/what-s-on/4db38fe2cbdac60575a847e2982075da
Hermitage Museum,,https://www.hermitagemuseum.org/what-s-on/3c7588aa9fa07fae1076dc109c0b9efb
Hermitage Museum,,https://www.hermitagemuseum.org/what-s-on/0ffbfd29e279fc4b3cf67a30aec53a1a
Hermitage Museum,Дни Эрмитажа - 2012 Эрмитаж в мире публикаций,https://www.hermitagemuseum.org/what-s-on/f4fe76c97940495008582c26ef17f926
Hermitage Museum,,https://www.hermitagemuseum.org/what-s-on/56e591ad613d586c10b478163645e7d3
Hermitage Museum,,https://www.hermitagemuseum.org/what-s-on/4e2caa3427634e1bc85df97b0bbfb3a7
Hermitage Museum,,https://www.hermitagemuseum.org/what-s-on/74cc7b3f1ce2d55db5c99491b49d68bf
Hermitage Museum,,https://www.hermitagemuseum.org/what-s-on/9d3098247f6478da82ccfe145c8a5ed0
Hermitage Museum,,https://www.hermitagemuseum.org/what-s-on/6e8ce044b31d707d9067ac8b405eb3f5
Hermitage Museum,,https://www.hermitagemuseum.org/what-s-on/f5300b9d012ee53d37f1d05817e80d77
Hermitage Museum,,https://www.hermitagemuseum.org/what-s-on/2c7060ebc4ea51ca29604dd18265db5e
Hermitage Museum,,https://www.hermitagemuseum.org/what-s-on/6e86fa7af8d2a39648512feec4ca051b
Hermitage Museum,,https://www.hermitagemuseum.org/what-s-on/d0c70a43fc6666be4c7471834dd22292
Hermitage Museum,,https://www.hermitagemuseum.org/what-s-on/cfa0157e281259e9df3fe1664b3e68d9
Hermitage Museum,,https://www.hermitagemuseum.org/what-s-on/1bda8093f8ddf96209361346952a0214
Hermitage Museum,,https://www.hermitagemuseum.org/what-s-on/89597f12f94c3fd32c449677ee494fca
Hermitage Museum,,https://www.hermitagemuseum.org/what-s-on/13e480c868f8e26f9146c5d0e245186c
Hermitage Museum,,https://www.hermitagemuseum.org/what-s-on/9735e0e302f26498afbe39de0ab8c302
Hermitage Museum,,https://www.hermitagemuseum.org/what-s-on/f5dd57300a3940b86f1db50cae9b3cf7
Hermitage Museum,,https://www.hermitagemuseum.org/what-s-on/e5a7b21af63991bc4654aea90d637aac
Hermitage Museum,,https://www.hermitagemuseum.org/what-s-on/8a64a27e31f89378b7c9944ecd6432b8
Hermitage Museum,,https://www.hermitagemuseum.org/what-s-on/012f0564f9b2713ca1188f3c695a999a
Hermitage Museum,,https://www.hermitagemuseum.org/what-s-on/38f0cf2cbef298274d9433e8a003a77d
Hermitage Museum,,https://www.hermitagemuseum.org/what-s-on/c498d30f617567af57261685251e21d1
Hermitage Museum,,https://www.hermitagemuseum.org/what-s-on/161433d2d1eacb03117b2a82b4f86e2a
Hermitage Museum,,https://www.hermitagemuseum.org/what-s-on/e85f41deae50d5ef620a1d055b3cd900
Hermitage Museum,,https://www.hermitagemuseum.org/what-s-on/3663749608897a509b76d0619939c1f8
Hermitage Museum,,https://www.hermitagemuseum.org/what-s-on/b444b2dc7fb5b502de446a4dd334322d
Hermitage Museum,,https://www.hermitagemuseum.org/what-s-on/5c32146dde8d57cd58c900b224134685
Hermitage Museum,,https://www.hermitagemuseum.org/what-s-on/de130b7dc76bdd5117fafbf683545726
Hermitage Museum,,https://www.hermitagemuseum.org/what-s-on/963dae403a8899642eebfc0fcc4ec114
Hermitage Museum,,https://www.hermitagemuseum.org/what-s-on/f4881cba3915011e6c4ab004f72c39fc
Hermitage Museum,,https://www.hermitagemuseum.org/what-s-on/67c5c45c06171bbbb657c3268d4e4c93
Hermitage Museum,,https://www.hermitagemuseum.org/what-s-on/0679360c7679ad90ab7bc0f29790ac38
Hermitage Museum,,https://www.hermitagemuseum.org/what-s-on/aca199042f6e4732592f8f8482c217b5
Hermitage Museum,,https://www.hermitagemuseum.org/what-s-on/d16ffc79e9e727699ca9da21c8abde10
Hermitage Museum,,https://www.hermitagemuseum.org/what-s-on/68d2c775155e84d6024d179a54906433
Hermitage Museum,,https://www.hermitagemuseum.org/what-s-on/a025a2fac3a1f12211ceba8ed3cd0701
Hermitage Museum,,https://www.hermitagemuseum.org/what-s-on/ffec87e28c4f131bd760d231926d3632
Hermitage Museum,,https://www.hermitagemuseum.org/what-s-on/360195bc71a74a43717edc2b837f49bd
Hermitage Museum,,https://www.hermitagemuseum.org/what-s-on/f9def23a5f8776dc255841b39be90741
Hermitage Museum,,https://www.hermitagemuseum.org/what-s-on/b245e138151ca60c4046b79e52472083
Hermitage Museum,,https://www.hermitagemuseum.org/what-s-on/10e33dab1b1fb65ff778ff1cdbb90b80
Hermitage Museum,,https://www.hermitagemuseum.org/what-s-on/d67644b0d3a64069100bbed0e36f198b
Hermitage Museum,,https://www.hermitagemuseum.org/what-s-on/7533e8313580965ee8dfe4e28c0247c8
Hermitage Museum,,https://www.hermitagemuseum.org/what-s-on/29d77922fe8eb96e42f91e19074f826a
Hermitage Museum,,https://www.hermitagemuseum.org/what-s-on/d7fcf63a2022a7327d26ad584c580c84
Hermitage Museum,,https://www.hermitagemuseum.org/what-s-on/6ebb85b7bb400d60fec03db97bab71cf
Hermitage Museum,,https://www.hermitagemuseum.org/what-s-on/75d2267d2c21cfecf6d912e0c4524508
Hermitage Museum,,https://www.hermitagemuseum.org/what-s-on/a075d5a66ae9351aeb0f3bfe3cb7e8ad
Hermitage Museum,,https://www.hermitagemuseum.org/what-s-on/fbc9c7f31927f1560996a1893d01fc96
Hermitage Museum,,https://www.hermitagemuseum.org/what-s-on/40a0cdc8b380f4dc66ce535430588b15
Hermitage Museum,Произведения Тома де Томона в собрании Эрмитажа,https://www.hermitagemuseum.org/what-s-on/ce5dbc9c327bb5f52820d643f43e2d39
Hermitage Museum,,https://www.hermitagemuseum.org/what-s-on/e7dbb4c3db419ce9baa22024ae4c98a2
Hermitage Museum,,https://www.hermitagemuseum.org/what-s-on/cd63f92f8443d931b8f5cc2d73b04300
Hermitage Museum,,https://www.hermitagemuseum.org/what-s-on/c488f83cdb2127e22e91455064ea65a8
Hermitage Museum,,https://www.hermitagemuseum.org/what-s-on/60e666cd4ecfcc043db73f7a9a4ab773
Hermitage Museum,,https://www.hermitagemuseum.org/what-s-on/164914102d6c357955f6ebf952e180cc
Hermitage Museum,,https://www.hermitagemuseum.org/what-s-on/cf5d63c15174f12d160ae8cd0874d017
Hermitage Museum,,https://www.hermitagemuseum.org/what-s-on/3987182e5279345d25beec123d535e50
Hermitage Museum,,https://www.hermitagemuseum.org/what-s-on/200071b00c41f59320372198df22773a
Hermitage Museum,,https://www.hermitagemuseum.org/what-s-on/d929255d4e45cbe6b590e79daf235709
Hermitage Museum,,https://www.hermitagemuseum.org/what-s-on/56dd10ee7d0858ed173585fb1f3eb87e
Hermitage Museum,,https://www.hermitagemuseum.org/what-s-on/9cdc0e4f43a0e1eab4df4b29f777b320
Hermitage Museum,,https://www.hermitagemuseum.org/what-s-on/a5274bbea6411dd7e111210441ad7361
Hermitage Museum,,https://www.hermitagemuseum.org/what-s-on/2534be233ca5571965078e741d6e7d94
Hermitage Museum,,https://www.hermitagemuseum.org/what-s-on/2d4500285c21a6b698e8f73165135f3c
Hermitage Museum,,https://www.hermitagemuseum.org/what-s-on/aa836170da12459e3e18f0de3b2f7e73
Hermitage Museum,,https://www.hermitagemuseum.org/what-s-on/5c974aed0f1bd463903aff1b75b56aa7
Hermitage Museum,Дни Эрмитажа - 2010 Эрмитаж в фотографиях,https://www.hermitagemuseum.org/what-s-on/e173198bf22e2882a573188b0dcc61c2
Hermitage Museum,,https://www.hermitagemuseum.org/what-s-on/eb4c575bc04d80a81ba7d9e23d25b083
Hermitage Museum,,https://www.hermitagemuseum.org/what-s-on/ab88682668e2f6596b0fac0170de3ec4
Hermitage Museum,,https://www.hermitagemuseum.org/what-s-on/a2f805d39e4471cda626a315a736e269
Hermitage Museum,,https://www.hermitagemuseum.org/what-s-on/01420065b253b1b7db52a1cfcfd2d51d
Hermitage Museum,,https://www.hermitagemuseum.org/what-s-on/46ce979756b0a17efc389ffa247bf6f2
Hermitage Museum,,https://www.hermitagemuseum.org/what-s-on/c69aca62acbf2761615d78f1a4fb735c
Hermitage Museum,,https://www.hermitagemuseum.org/what-s-on/3dcb9d445d2b7daac9c391d11c7d9f22
Hermitage Museum,,https://www.hermitagemuseum.org/what-s-on/f952509ea954339201e3257969035c80
Hermitage Museum,,https://www.hermitagemuseum.org/what-s-on/52e898953140b3a82bf75dc982e0ad38
Hermitage Museum,,https://www.hermitagemuseum.org/what-s-on/2428369094fb518255785301bf6dab8f
Hermitage Museum,,https://www.hermitagemuseum.org/what-s-on/f4af377a13efc78fed0e34d2844c95a4
Hermitage Museum,,https://www.hermitagemuseum.org/what-s-on/d78e5626758e912c4262a6007034779b
Hermitage Museum,,https://www.hermitagemuseum.org/what-s-on/3e292cf387addafad4469797f310875e
Hermitage Museum,,https://www.hermitagemuseum.org/what-s-on/6cbb6848551a28f04b904ba1101355c8
Hermitage Museum,,https://www.hermitagemuseum.org/what-s-on/883b666646727fe8be16d3675773f145
Hermitage Museum,,https://www.hermitagemuseum.org/what-s-on/446401e1c0b178d13b0b58cd2823b85a
Hermitage Museum,,https://www.hermitagemuseum.org/what-s-on/f7a20573800bf962c8b78af06900df29
Hermitage Museum,,https://www.hermitagemuseum.org/what-s-on/818556f6b3426eee4e38d383287828ec
Hermitage Museum,,https://www.hermitagemuseum.org/what-s-on/4a5826fc5e3ce465c55aa0cfbcf19444
Hermitage Museum,,https://www.hermitagemuseum.org/what-s-on/22b22b29d9ba3d601ac465fd9fa0d18a
Hermitage Museum,,https://www.hermitagemuseum.org/what-s-on/5b6918eb8863f7ad7613cfdad3267bfc
Hermitage Museum,,https://www.hermitagemuseum.org/what-s-on/f82ecf287899b835997aeb2b9cfb8f0b
Hermitage Museum,,https://www.hermitagemuseum.org/what-s-on/d47c03f26fb22824a310070400d5fccb
Hermitage Museum,,https://www.hermitagemuseum.org/what-s-on/2277ffc44b166794b377a6c7dfc64ce3
Hermitage Museum,,https://www.hermitagemuseum.org/what-s-on/4fd67581d95586ddb096c0878c9a4ee5
Hermitage Museum,,https://www.hermitagemuseum.org/what-s-on/2d51ccb80a65ba2723dccedf74bc5967
Hermitage Museum,,https://www.hermitagemuseum.org/what-s-on/4db9cf2124c65256be10d33bdf695d3b
Hermitage Museum,,https://www.hermitagemuseum.org/what-s-on/ff982b1c0d9bc2776d14e3b435c399a5
Hermitage Museum,,https://www.hermitagemuseum.org/what-s-on/f9359d7899f1d8bdfc9b7df88496e5cc
Hermitage Museum,,https://www.hermitagemuseum.org/what-s-on/d1ca786abf4c23a684e44fdfdfcae53c
Hermitage Museum,,https://www.hermitagemuseum.org/what-s-on/c2dc72016b88c28afe1fcfc2d1711ea9
Hermitage Museum,,https://www.hermitagemuseum.org/what-s-on/c7b31b07001af68685e83005bc9c86dc
Hermitage Museum,,https://www.hermitagemuseum.org/what-s-on/2eada67e0fd398e82a41526bba32c7f0
Hermitage Museum,,https://www.hermitagemuseum.org/what-s-on/c355863bb06c46192cb893b2f86c5203
Hermitage Museum,,https://www.hermitagemuseum.org/what-s-on/d61eb139508a64ab6834550c230a42a5
Hermitage Museum,,https://www.hermitagemuseum.org/what-s-on/bb431b4ce76744c2cebbfa2b7c9cddeb
Hermitage Museum,,https://www.hermitagemuseum.org/what-s-on/9c1c2273f7eefdcdad4b9dc537d63548
Hermitage Museum,Книжная Кунсткамера в Эрмитаже,https://www.hermitagemuseum.org/what-s-on/907998c793a389d252b6081df25fc9a4
Hermitage Museum,Борис Смелов: ретроспектива,https://www.hermitagemuseum.org/what-s-on/c952a148a6bae50914dfa89d70f60021
Hermitage Museum,,https://www.hermitagemuseum.org/what-s-on/cd147dbb695fd7fe9cbab075c0d9fb79
Hermitage Museum,,https://www.hermitagemuseum.org/what-s-on/cd1ea1f5cb331f85a10ccb5c39e92666
Hermitage Museum,,https://www.hermitagemuseum.org/what-s-on/31aff6743aabaece678f53f9bfb5914e
Hermitage Museum,,https://www.hermitagemuseum.org/what-s-on/54f2001c61601446db532c30136d1c19
Hermitage Museum,,https://www.hermitagemuseum.org/what-s-on/1accb7dc2e5718dc3a2b556b12f98fb3
Hermitage Museum,Эрмитаж в мире публикаций - 2008,https://www.hermitagemuseum.org/what-s-on/4297f5403d15acc7c3fd06f3700a6664
Hermitage Museum,,https://www.hermitagemuseum.org/what-s-on/427db4bd85d2b2258f57820119e43cad
Hermitage Museum,,https://www.hermitagemuseum.org/what-s-on/6cabf3551c042974c6dc2826094dbe67
Hermitage Museum,,https://www.hermitagemuseum.org/what-s-on/a9f73a7391c047369f16ff40e41bb750
Hermitage Museum,,https://www.hermitagemuseum.org/what-s-on/54d4ca559305a9380caa734b5bfe73c2
Hermitage Museum,,https://www.hermitagemuseum.org/what-s-on/03da6677d51531d6f57363a6b81717dc
Hermitage Museum,От Фридриха до Дикса. Немецкая живопись из Дрезденской галереи новых мастеров,https://www.hermitagemuseum.org/what-s-on/e140fec4d753e9301f14baf520c8d992
Hermitage Museum,,https://www.hermitagemuseum.org/what-s-on/d18d144e4d1bd79072446a4b6427bc61
Hermitage Museum,,https://www.hermitagemuseum.org/what-s-on/ca5fa570dfd17b195b91c3f0221e4ea1
Hermitage Museum,,https://www.hermitagemuseum.org/what-s-on/bf3334d2bc50711b5f4fb94df9aebb60
Hermitage Museum,,https://www.hermitagemuseum.org/what-s-on/145d2e91e20a052b580407ad968fa2b0
Hermitage Museum,,https://www.hermitagemuseum.org/what-s-on/4ce987221691513af53716ec1ed62eed
Hermitage Museum,,https://www.hermitagemuseum.org/what-s-on/824361c7a29d91950c65e3ff5274d688
Hermitage Museum,,https://www.hermitagemuseum.org/what-s-on/833334389bcdb931963f63cf57c0946c
Hermitage Museum,,https://www.hermitagemuseum.org/what-s-on/97abd5ee53e4e3ad20b096a33d048711
Hermitage Museum,,https://www.hermitagemuseum.org/what-s-on/49bb60261f90aa9b3e108420620685b6
Hermitage Museum,,https://www.hermitagemuseum.org/what-s-on/ffbd8617e1bc9f9c1461acfc3dbef81c
Hermitage Museum,,https://www.hermitagemuseum.org/what-s-on/6e76ec46b1ae64a9bb29fd2ef4cb929e
Hermitage Museum,,https://www.hermitagemuseum.org/what-s-on/510220fd135d2689d3fadaabc248438a
Hermitage Museum,,https://www.hermitagemuseum.org/what-s-on/b1f09f2024948701f46a37f23ec3ea61
Hermitage Museum,,https://www.hermitagemuseum.org/what-s-on/922358fb681d9671d0fca61dcdf6503d
Hermitage Museum,,https://www.hermitagemuseum.org/what-s-on/a1f1cd28d8b0d371127d771f9deb1618
Hermitage Museum,,https://www.hermitagemuseum.org/what-s-on/548695fab3de5f8434a9ea49660bd781
Hermitage Museum,,https://www.hermitagemuseum.org/what-s-on/688b27a13e6a51032d411642e474f584
Hermitage Museum,,https://www.hermitagemuseum.org/what-s-on/ae29c3298c42d1acdb9c428d6057be08
Hermitage Museum,,https://www.hermitagemuseum.org/what-s-on/c96806d0c9e5fa3b79d703e255d6c360
Hermitage Museum,,https://www.hermitagemuseum.org/what-s-on/d3e53708f5c1f9aec96979a94e0cf976
Hermitage Museum,,https://www.hermitagemuseum.org/what-s-on/61ea52b4564a21d62463ea5d01a17e24
Hermitage Museum,,https://www.hermitagemuseum.org/what-s-on/e31704712ff4b39e3fe2a265160d7656
Hermitage Museum,,https://www.hermitagemuseum.org/what-s-on/462d3293d2bff49a68eb16004ec284ad
Hermitage Museum,,https://www.hermitagemuseum.org/what-s-on/943897063572d6761f0a47f17f5fb43b
Hermitage Museum,,https://www.hermitagemuseum.org/what-s-on/5b7a2c87148c7484a20e73da7b56c142
Hermitage Museum,,https://www.hermitagemuseum.org/what-s-on/ceadaf584529a1654107cdf53945c1a4
Hermitage Museum,,https://www.hermitagemuseum.org/what-s-on/27641b06fdb9a808830a3315faf02950
Hermitage Museum,,https://www.hermitagemuseum.org/what-s-on/4df2cbaf6fdec6a6e73e1d86bf7aedb6
Hermitage Museum,,https://www.hermitagemuseum.org/what-s-on/216fff9426ca02815fb34dc9e9c2c1af
Hermitage Museum,,https://www.hermitagemuseum.org/what-s-on/4f9a85a589b4425d4570ae7318709408
Hermitage Museum,,https://www.hermitagemuseum.org/what-s-on/4cc9e698db1196ae8cd5572cca8d44b7
Hermitage Museum,,https://www.hermitagemuseum.org/what-s-on/3d9755c3395838945ec2b3253f11680a
Hermitage Museum,,https://www.hermitagemuseum.org/what-s-on/3d0ddaa22d607363492a27929f77d328
Hermitage Museum,,https://www.hermitagemuseum.org/what-s-on/85b2c597935a1892a6b2bb1f54d591ec
Hermitage Museum,,https://www.hermitagemuseum.org/what-s-on/2f53ab9ff289a4e6374f1e465f792ad7
Hermitage Museum,,https://www.hermitagemuseum.org/what-s-on/cc90052c496a05d89745400b92c2ca7c
Hermitage Museum,,https://www.hermitagemuseum.org/what-s-on/a9c9e732de3e3199b2a083da1c13e8ef
Hermitage Museum,,https://www.hermitagemuseum.org/what-s-on/7c2de7b4b051016dc4bd99b10e4297f7
Hermitage Museum,,https://www.hermitagemuseum.org/what-s-on/37b064e52456512fe52feede96742ed6
Hermitage Museum,,https://www.hermitagemuseum.org/what-s-on/63890b012eb1e8b9f00eb434188712b8
Hermitage Museum,,https://www.hermitagemuseum.org/what-s-on/5759504fc575c13f32020712e715340a
Hermitage Museum,,https://www.hermitagemuseum.org/what-s-on/dce4e55e75bde256c72a27b312cfe0c6
Hermitage Museum,,https://www.hermitagemuseum.org/what-s-on/6c8eca5fe221338a68f3358882d6451e
Hermitage Museum,,https://www.hermitagemuseum.org/what-s-on/3096f11bca06018f279217eea4bbcb4a
Hermitage Museum,,https://www.hermitagemuseum.org/what-s-on/10fc7bb371b7a3e9c9f753b7f4da08d2
Hermitage Museum,,https://www.hermitagemuseum.org/what-s-on/4369c05114b2af4f733d1bdfff96ce98
Hermitage Museum,,https://www.hermitagemuseum.org/what-s-on/9f78d0cb5746b89c4592bc705964da7a
Hermitage Museum,,https://www.hermitagemuseum.org/what-s-on/37721921008c147298488ece2fff1de8
Hermitage Museum,Эрмитаж и вокруг него. Леонид Волков,https://www.hermitagemuseum.org/what-s-on/6535cf6c7cb47c79f330d1e84ffc42b3
Hermitage Museum,,https://www.hermitagemuseum.org/what-s-on/4417b714132b3fe0e5d8f001d96c1603
Hermitage Museum,,https://www.hermitagemuseum.org/what-s-on/38c464f320313794aabb5190dc940734
Hermitage Museum,,https://www.hermitagemuseum.org/what-s-on/94fe3cd19a9c7a45df5c0e42faa5ca57
Hermitage Museum,,https://www.hermitagemuseum.org/what-s-on/5f6403d2a36a0226c2d812d50d5be30c
Hermitage Museum,,https://www.hermitagemuseum.org/what-s-on/e0a6858395ef601ced7bee7d9f4ecd34
Hermitage Museum,,https://www.hermitagemuseum.org/what-s-on/b2787502d6f9d927724560db2371bea3
Hermitage Museum,,https://www.hermitagemuseum.org/what-s-on/47e08dec34cbd34205ec65a9e4e253cc
Hermitage Museum,,https://www.hermitagemuseum.org/what-s-on/d3e8f8668db1507c0eed6dd059c93f3b
Hermitage Museum,,https://www.hermitagemuseum.org/what-s-on/74d44ac502d8d2cfd8b4e1285e4be508
Hermitage Museum,,https://www.hermitagemuseum.org/what-s-on/2bf458869537a8fd84158529c71ae224
Hermitage Museum,,https://www.hermitagemuseum.org/what-s-on/3d02bb69f04b0bbf5ad4d6de9b2ff875
Hermitage Museum,,https://www.hermitagemuseum.org/what-s-on/d7efb1f7c0580efccec28a161204bb43
Hermitage Museum,,https://www.hermitagemuseum.org/what-s-on/a35726e89f1570892b5d71b08110415a
Hermitage Museum,,https://www.hermitagemuseum.org/what-s-on/6b0160a1a5938243574b566c8dd537dc
Hermitage Museum,,https://www.hermitagemuseum.org/what-s-on/58d4e6a945f27b69d8497fb33e060694
Hermitage Museum,,https://www.hermitagemuseum.org/what-s-on/2fc5b5690937c598655c314c13440c6f
Hermitage Museum,,https://www.hermitagemuseum.org/what-s-on/0286a88a6b255a5a0787db9902c05622
Hermitage Museum,,https://www.hermitagemuseum.org/what-s-on/ee210f8489d25e2c63b9f59eb113d913
Hermitage Museum,,https://www.hermitagemuseum.org/what-s-on/02d44c5d02244f0aab3f32bebfca66ce
Hermitage Museum,,https://www.hermitagemuseum.org/what-s-on/8800bf1017d4ad3c420e8fce2c01c62b
Hermitage Museum,,https://www.hermitagemuseum.org/what-s-on/8b1e017d53b713b3532298c4380ce181
Hermitage Museum,,https://www.hermitagemuseum.org/what-s-on/f7299db12d5f4ca1e00629f38c093e2d
Hermitage Museum,,https://www.hermitagemuseum.org/what-s-on/7bde90c244bc7fedb9c7c20659912938
Hermitage Museum,,https://www.hermitagemuseum.org/what-s-on/6f3a0c6ced28e56179e87a7336259f82
Hermitage Museum,,https://www.hermitagemuseum.org/what-s-on/b2987c54c1cd9c25439bfc37856481b8
Hermitage Museum,,https://www.hermitagemuseum.org/what-s-on/7bb4d3fa6c1eba21ac7db9db3c6fda59
Hermitage Museum,,https://www.hermitagemuseum.org/what-s-on/32e6ff57b3e388b2cb70c2e1094121f3
Hermitage Museum,,https://www.hermitagemuseum.org/what-s-on/853e71c7d32315fed9b2cfd6b47149b1
Hermitage Museum,,https://www.hermitagemuseum.org/what-s-on/68245447879c77b8a3b76b75a706f333
Hermitage Museum,,https://www.hermitagemuseum.org/what-s-on/05e2254030edfb0863522569c2e44d64
Hermitage Museum,,https://www.hermitagemuseum.org/what-s-on/d96c2e1ee6c90efda6ff09d08dd6fff1
Hermitage Museum,,https://www.hermitagemuseum.org/what-s-on/aa2ee57c24eafdc68ad530de85546eaa
Hermitage Museum,,https://www.hermitagemuseum.org/what-s-on/326fc9137a267fa5a6427c60eb34dfa6
Hermitage Museum,,https://www.hermitagemuseum.org/what-s-on/52170a290c019b8d1d27f498438ed738
Hermitage Museum,,https://www.hermitagemuseum.org/what-s-on/ce07b046be1f39c0e21d406c04de4b91
Hermitage Museum,,https://www.hermitagemuseum.org/what-s-on/209869bf0a6a72e4f8037a0fb37b3f95
Hermitage Museum,,https://www.hermitagemuseum.org/what-s-on/1a0d89f1586e8297e8ec0251e08e2a9c
Hermitage Museum,,https://www.hermitagemuseum.org/what-s-on/9d605d9e5b172e95de5a0d6c25ae1722
Hermitage Museum,,https://www.hermitagemuseum.org/what-s-on/86353681d120e3b1a8ad9a427c344521
Hermitage Museum,,https://www.hermitagemuseum.org/what-s-on/fcc9d0d77e356b86b2c778beb5f290f5
Hermitage Museum,,https://www.hermitagemuseum.org/what-s-on/3bc76c0a6dfd9ceb010d7791473f6dde
Hermitage Museum,Эрмитаж в мире публикаций - 2005,https://www.hermitagemuseum.org/what-s-on/227e0006557a75ad1b8c5a6817dad3ad
Hermitage Museum,,https://www.hermitagemuseum.org/what-s-on/dd675df9318212a05a16995d28b0d7e2
Hermitage Museum,,https://www.hermitagemuseum.org/what-s-on/4cbf8fa9662676b30c93f07df19f3c5f
Hermitage Museum,,https://www.hermitagemuseum.org/what-s-on/6f25ab742771d5ac587866e199a1a2ea
Hermitage Museum,,https://www.hermitagemuseum.org/what-s-on/49c85528962f18b1c3d9333c57827114
Hermitage Museum,,https://www.hermitagemuseum.org/what-s-on/c84f16dae87bfab5fce7c6f1b0699d67
Hermitage Museum,,https://www.hermitagemuseum.org/what-s-on/4518c087a66a60d60b18b1e1252a72bf
Hermitage Museum,,https://www.hermitagemuseum.org/what-s-on/3e5b36da0367592dd11bfb5a1d569156
Hermitage Museum,,https://www.hermitagemuseum.org/what-s-on/9da855ee286614dbff26e395bec66ff9
Hermitage Museum,,https://www.hermitagemuseum.org/what-s-on/2553578ade37862b6e6ccedb440e68ff
Hermitage Museum,,https://www.hermitagemuseum.org/what-s-on/f36e3a0fe9624006a4458ea42c4c6b34
Hermitage Museum,,https://www.hermitagemuseum.org/what-s-on/18ee994caa74a30f5af6ee9cecc13fda
Hermitage Museum,,https://www.hermitagemuseum.org/what-s-on/28594f0b220ee2e56e4b393aa862c839
Hermitage Museum,,https://www.hermitagemuseum.org/what-s-on/06c5ac384604c62f45bdfc30f830bf0a
Hermitage Museum,,https://www.hermitagemuseum.org/what-s-on/a2e792815f8c7c7f81f8f1796d7c5ed3
Hermitage Museum,,https://www.hermitagemuseum.org/what-s-on/64245761f813fc88066d692246e2e034
Hermitage Museum,,https://www.hermitagemuseum.org/what-s-on/59d8047e301042f088be1aa75f6241fa
Hermitage Museum,,https://www.hermitagemuseum.org/what-s-on/8fa9427c2b9f80ea4c35077c9e1b9080
Hermitage Museum,,https://www.hermitagemuseum.org/what-s-on/bba8dd4bc495e7a4849015ab4305b2bc
Hermitage Museum,,https://www.hermitagemuseum.org/what-s-on/778ad34e87c63d1d89dfcb7b353023b9
Hermitage Museum,,https://www.hermitagemuseum.org/what-s-on/744f8c419465b78f059c486ae3c52b92
Hermitage Museum,,https://www.hermitagemuseum.org/what-s-on/7bc8d3d5ddf1c01f969a9afe52e2513b
Hermitage Museum,,https://www.hermitagemuseum.org/what-s-on/0fc4be72f823e76d8191f053e420e4ee
Hermitage Museum,,https://www.hermitagemuseum.org/what-s-on/cdb49db172b5b87a22a29172720b2af2
Hermitage Museum,,https://www.hermitagemuseum.org/what-s-on/10bcbfe282074e7311566942db9b0ff1
Hermitage Museum,"""Совершенно модный живописец"" - Франц",https://www.hermitagemuseum.org/what-s-on/1a22706e380c2f82396f505083962947
Hermitage Museum,,https://www.hermitagemuseum.org/what-s-on/97fe7f29228f54c792f6d60c31730c3b
Hermitage Museum,,https://www.hermitagemuseum.org/what-s-on/ed74acf59a5893e439ca1de0262f65bb
Hermitage Museum,,https://www.hermitagemuseum.org/what-s-on/81557f08eee62b62c13bf6dfa0b6bf4f
Hermitage Museum,,https://www.hermitagemuseum.org/what-s-on/208cc23454cdca1ccb382fb2ec3f8b51
Hermitage Museum,,https://www.hermitagemuseum.org/what-s-on/47e332bc204d87bb3fbe84ae55cf7bd7
Hermitage Museum,,https://www.hermitagemuseum.org/what-s-on/0185fbfdfb4bad70eb0e1b086f2a7e57
Hermitage Museum,,https://www.hermitagemuseum.org/what-s-on/82fd1bb31862a94270ed28ff6d235da2
Hermitage Museum,,https://www.hermitagemuseum.org/what-s-on/f6afa46fa733047820e541e21f914b5d
Hermitage Museum,,https://www.hermitagemuseum.org/what-s-on/5e81a5fc4b2cb8cdac19625a14424757
Hermitage Museum,,https://www.hermitagemuseum.org/what-s-on/cef7e057edad11d7bddc98d132193d28
Hermitage Museum,,https://www.hermitagemuseum.org/what-s-on/c8dbc32334ef394af362966918a26694
Hermitage Museum,,https://www.hermitagemuseum.org/what-s-on/d634cf04e38428022780523e8d7e096b
Hermitage Museum,,https://www.hermitagemuseum.org/what-s-on/db05d2bbb98783151adf6c714df10cbe
Hermitage Museum,,https://www.hermitagemuseum.org/what-s-on/114a86de23ca855d9f7a0ccf33b0f3eb
Hermitage Museum,,https://www.hermitagemuseum.org/what-s-on/608b1aeaba924574e2c2c64cfb1bf3f5
Hermitage Museum,,https://www.hermitagemuseum.org/what-s-on/1a63e16e2c8485810b14b3968c7355fe
Hermitage Museum,,https://www.hermitagemuseum.org/what-s-on/2a1c04b8a63392e7417db187cde3b32e
Hermitage Museum,,https://www.hermitagemuseum.org/what-s-on/96f7194167dd36fb7f34ed4f25c809d9
Hermitage Museum,,https://www.hermitagemuseum.org/what-s-on/0af3424d29d7558640c484ed164576a5
Hermitage Museum,,https://www.hermitagemuseum.org/what-s-on/6b93cbdd79a804d4aba4ae3b71a27684
Hermitage Museum,,https://www.hermitagemuseum.org/what-s-on/0417fdbffcdc12365327b8050b8042d0
Hermitage Museum,"Шесть шедевров Жоржа Руо Из собрания Национального музея современного искусства (Центр Жоржа Помпиду), Париж",https://www.hermitagemuseum.org/what-s-on/4c8f637512f70fe5eedd8655ddc34fa5
Hermitage Museum,,https://www.hermitagemuseum.org/what-s-on/1c1aab516d35d05a4544274ab593ece0
Hermitage Museum,,https://www.hermitagemuseum.org/what-s-on/f1fb445d74d8b7c4577e33ceba65fd99
Hermitage Museum,,https://www.hermitagemuseum.org/what-s-on/fa02927289f9242ba2a9d8a2da9a98b3
Hermitage Museum,,https://www.hermitagemuseum.org/what-s-on/9073b737132cc203651c3c93f6498590
Hermitage Museum,,https://www.hermitagemuseum.org/what-s-on/32bba77f8f9fbe849f98edede0f5c4eb
Hermitage Museum,,https://www.hermitagemuseum.org/what-s-on/6959c2c2e8291ddf42f95872ca55cc6c
Hermitage Museum,,https://www.hermitagemuseum.org/what-s-on/8406004769d93d1ce8c7199f658c7755
Hermitage Museum,,https://www.hermitagemuseum.org/what-s-on/6c2cf6d3cccf2c88eff90597fdf48976
Hermitage Museum,,https://www.hermitagemuseum.org/what-s-on/6815d4a620dc9a6f6a0796b4456a3cc8
Hermitage Museum,,https://www.hermitagemuseum.org/what-s-on/21d3ec8c3519df1feba6e67ce456d89a
Hermitage Museum,,https://www.hermitagemuseum.org/what-s-on/9e4943cdad3262221a5c5a6468b791e3
Hermitage Museum,,https://www.hermitagemuseum.org/what-s-on/f556bf5a16fa76229e1e18ffc77e393d
Hermitage Museum,,https://www.hermitagemuseum.org/what-s-on/0daf17ef6e50780256e2319ce876c460
Hermitage Museum,,https://www.hermitagemuseum.org/what-s-on/5aba487cdf849045c2417864bc41321e
Hermitage Museum,,https://www.hermitagemuseum.org/what-s-on/e81e20dc66de6a863724e31bb981c867
Hermitage Museum,,https://www.hermitagemuseum.org/what-s-on/09f48655cc8970cd03d25f3940f6df16
Hermitage Museum,,https://www.hermitagemuseum.org/what-s-on/eb89b863d45213f48805da851d3174aa
Hermitage Museum,,https://www.hermitagemuseum.org/what-s-on/4cc64ec4d5fb64ac850d13142501a0ce
Hermitage Museum,,https://www.hermitagemuseum.org/what-s-on/6da497385418cca00cb6d36b18629e0f
Hermitage Museum,,https://www.hermitagemuseum.org/what-s-on/8643e564558fd5fcccb3b3ffdb06cd43
Hermitage Museum,,https://www.hermitagemuseum.org/what-s-on/1a717644167392a78e8aff3e59613dfb
Hermitage Museum,,https://www.hermitagemuseum.org/what-s-on/196cfadcb5ce4b1e59c74d7cb980183e
Hermitage Museum,,https://www.hermitagemuseum.org/what-s-on/aa192a661ef5ebbb59fb670261394638
Hermitage Museum,,https://www.hermitagemuseum.org/what-s-on/edfcb025b4718868d1ebe3559d83d861
Hermitage Museum,,https://www.hermitagemuseum.org/what-s-on/e14e2cdbb922bd6aad1417894d69c895
Hermitage Museum,,https://www.hermitagemuseum.org/what-s-on/faf697336bb7533290c80d2fefe0a133
Hermitage Museum,,https://www.hermitagemuseum.org/what-s-on/f2e8828ed22bbc870d5659ba63095173
Hermitage Museum,,https://www.hermitagemuseum.org/what-s-on/673e6dea1bbc81253183fd1b724b4edf
Hermitage Museum,,https://www.hermitagemuseum.org/what-s-on/5767e9b7606460e220ab5a32c3473375
Hermitage Museum,,https://www.hermitagemuseum.org/what-s-on/982a30cde01a197d61614fc2166c9ae7
Hermitage Museum,Подношения к Рождеству Произведения из исторических коллекций Императорских фарфорового и стеклянного заводов XVIII - начала XX века,https://www.hermitagemuseum.org/what-s-on/c2c70d2a86beab7a636aba532692c52b
Hermitage Museum,,https://www.hermitagemuseum.org/what-s-on/427801b304c9235894d661f2be6c9ba1
Hermitage Museum,,https://www.hermitagemuseum.org/what-s-on/a023f3e8036f4f3a249b544ac7b54473
Hermitage Museum,,https://www.hermitagemuseum.org/what-s-on/d797152e55dfd48fcd2468a94c31baab
Hermitage Museum,,https://www.hermitagemuseum.org/what-s-on/3230e95fc44cb5a98753dd8d4ede1f46
Hermitage Museum,,https://www.hermitagemuseum.org/what-s-on/8d8360991cd5df40d1e4dd5c1bad3669
Hermitage Museum,,https://www.hermitagemuseum.org/what-s-on/95d7480677bacbc9f7be0e5decc0ab6c
Hermitage Museum,Джордж Сигал (1924 - 2000) Ретроспектива,https://www.hermitagemuseum.org/what-s-on/8cdf9a406d411ce0286fe684ddcc1f63
Hermitage Museum,,https://www.hermitagemuseum.org/what-s-on/950132abf330b663d6a70f5dcf13f96c
Hermitage Museum,,https://www.hermitagemuseum.org/what-s-on/7f5ae36e9bb3b49fdf9f7bf4d55ffbd8
Hermitage Museum,,https://www.hermitagemuseum.org/what-s-on/24b8d8dbdede4e5323f71665fc3697a8
Hermitage Museum,,https://www.hermitagemuseum.org/what-s-on/a5b29908b326350e8188a0624c698e46
Hermitage Museum,,https://www.hermitagemuseum.org/what-s-on/4baf3dc658ba230b366a2f1451b76dc4
Hermitage Museum,,https://www.hermitagemuseum.org/what-s-on/8b0b5d75988eecbbb331afb3f64465d0
Hermitage Museum,,https://www.hermitagemuseum.org/what-s-on/17982d2ac1858204a4563d0f931717fe
Hermitage Museum,,https://www.hermitagemuseum.org/what-s-on/0639a4fe6253abd10a43f679664d8285
Hermitage Museum,,https://www.hermitagemuseum.org/what-s-on/f060c5849a48ff1f370c81580f2500a1
Hermitage Museum,,https://www.hermitagemuseum.org/what-s-on/2adae0945c1553fbfe925a9b0ebcadc4
Hermitage Museum,,https://www.hermitagemuseum.org/what-s-on/b14c81ac3ce40c7615abc6bfeef99296
Hermitage Museum,,https://www.hermitagemuseum.org/what-s-on/b395901afef3b993d50c1852f1c8ed73
Hermitage Museum,,https://www.hermitagemuseum.org/what-s-on/874fcafd38affaecf6a4ca19e7ceb1d6
Hermitage Museum,,https://www.hermitagemuseum.org/what-s-on/17d11085e9e9089197c51297444be4b4
Hermitage Museum,,https://www.hermitagemuseum.org/what-s-on/30750c6389a723646fa61ddcc82e1bfd
Hermitage Museum,,https://www.hermitagemuseum.org/what-s-on/2635affb44aebfc95cb227ae5db0c7aa
Hermitage Museum,,https://www.hermitagemuseum.org/what-s-on/c953ff1cf2a0e2e9c388ddb5f239005d
Hermitage Museum,,https://www.hermitagemuseum.org/what-s-on/d6870656200bb535ac034c42629746ac
Hermitage Museum,,https://www.hermitagemuseum.org/what-s-on/7b3a1af4738f1753427c3299a080f076
Hermitage Museum,,https://www.hermitagemuseum.org/what-s-on/5a715ce8546ebafe1acc5f7f72818208
Hermitage Museum,,https://www.hermitagemuseum.org/what-s-on/1301c1466f6c24ffb3ea996f17a878c2
Hermitage Museum,,https://www.hermitagemuseum.org/what-s-on/386080f8ae378573326680aebd15d869
Hermitage Museum,,https://www.hermitagemuseum.org/what-s-on/3203bf02966a9d5b9a4bd4ae377cb92f
Hermitage Museum,,https://www.hermitagemuseum.org/what-s-on/201c2d2786d905d0a37c2e00bdb3ba21
Hermitage Museum,,https://www.hermitagemuseum.org/what-s-on/ed8b870b81dca9fdf0bb7f48a15b4960
Hermitage Museum,,https://www.hermitagemuseum.org/what-s-on/1721b8dc379495de6cfa56958eb69a38
Hermitage Museum,,https://www.hermitagemuseum.org/what-s-on/fda8ba61dc1cb2f08c4ceea402c119e1
Hermitage Museum,,https://www.hermitagemuseum.org/what-s-on/97f7a4c666db3b6df989a05f61fe7657
Hermitage Museum,,https://www.hermitagemuseum.org/what-s-on/4a35eb649fd6c4498b49e43f17a72406
Hermitage Museum,,https://www.hermitagemuseum.org/what-s-on/eb5fdd2f8bb04e3f1b321f851e405040
Hermitage Museum,,https://www.hermitagemuseum.org/what-s-on/944a97684cd0a6c6917f62d12e3fe01c
Hermitage Museum,,https://www.hermitagemuseum.org/what-s-on/e250e43350f9cf820403349072c8beee
Hermitage Museum,,https://www.hermitagemuseum.org/what-s-on/061ce85fc21eec66d15e2c051c525546
Hermitage Museum,,https://www.hermitagemuseum.org/what-s-on/25a631dc9011aa3ddfe577dc95ce0f65
Hermitage Museum,,https://www.hermitagemuseum.org/what-s-on/e372c326c87d0cfbe5b2271768b2614b
Hermitage Museum,,https://www.hermitagemuseum.org/what-s-on/3ebef1197246d58dbffd265389217c02
Hermitage Museum,,https://www.hermitagemuseum.org/what-s-on/624d5b14b03f29155740490c9f9bc65e
Hermitage Museum,,https://www.hermitagemuseum.org/what-s-on/ffbda27c50a99420fcf1aa42d3bb13b7
Hermitage Museum,,https://www.hermitagemuseum.org/what-s-on/1e69758ef9237708bc28a0661b80af73
Hermitage Museum,,https://www.hermitagemuseum.org/what-s-on/13cc4e1b984b9af24a3e39f7bd71e332
Hermitage Museum,,https://www.hermitagemuseum.org/what-s-on/da8ffc9c3513587940f771b70d0b1998
Hermitage Museum,,https://www.hermitagemuseum.org/what-s-on/7f06034f0709efb9f5b0e8b9119a0870
Hermitage Museum,,https://www.hermitagemuseum.org/what-s-on/0f36a859ac35c715c1516ed208efe07c
Hermitage Museum,,https://www.hermitagemuseum.org/what-s-on/8a092c23ce16a71959ef3b21c44d4207
Hermitage Museum,,https://www.hermitagemuseum.org/what-s-on/77cdfce368fb0e7720cd5842890efa96
Hermitage Museum,,https://www.hermitagemuseum.org/what-s-on/bf0f0b9e997419ed2ef443b741510db3
Hermitage Museum,,https://www.hermitagemuseum.org/what-s-on/52f606619fe89d7b424719ab3137130f
Hermitage Museum,,https://www.hermitagemuseum.org/what-s-on/445573f050c2cdb84d6fb02070551026
Hermitage Museum,,https://www.hermitagemuseum.org/what-s-on/a6df5415dd23c54b19704e927dc0c386
Hermitage Museum,,https://www.hermitagemuseum.org/what-s-on/1fba825faf18a4354ee37f11bce01f37
Hermitage Museum,,https://www.hermitagemuseum.org/what-s-on/5776462885252193c77a7f61080c00f5
Hermitage Museum,,https://www.hermitagemuseum.org/what-s-on/6cebecc4cde1239ffa99e5706032745b
Hermitage Museum,,https://www.hermitagemuseum.org/what-s-on/99167f2ddc8073c6dbdf44c0ee3e6830
Hermitage Museum,,https://www.hermitagemuseum.org/what-s-on/ad4b3fefb062eabe6c71eb4e1aafd81b
Hermitage Museum,,https://www.hermitagemuseum.org/what-s-on/d90f407b91009ed3772994c0ecb443be
Hermitage Museum,,https://www.hermitagemuseum.org/what-s-on/24d709ce561df4a86cd1fcfa838ce3f0
Hermitage Museum,,https://www.hermitagemuseum.org/what-s-on/8283f4ac3e88960c2c1682fdfb84c48a
Hermitage Museum,,https://www.hermitagemuseum.org/what-s-on/de85948880ff262c204355623fb220c4
Hermitage Museum,,https://www.hermitagemuseum.org/what-s-on/fbeadbbbc8cebea14007f5f5179d33be
Hermitage Museum,,https://www.hermitagemuseum.org/what-s-on/c115fb6d04e10862fb7e16029c435f61
Hermitage Museum,,https://www.hermitagemuseum.org/what-s-on/420ef6bdbf793d32d9d7f5fb1c7ad8c7
Hermitage Museum,,https://www.hermitagemuseum.org/what-s-on/e7a8ac2b1a3761a6c1a05f695761d8ae
Hermitage Museum,,https://www.hermitagemuseum.org/what-s-on/4e26a998883490470276cb8277631a77
Hermitage Museum,,https://www.hermitagemuseum.org/what-s-on/793606888a36054759e372a611239607
Hermitage Museum,,https://www.hermitagemuseum.org/what-s-on/da1ccde8bd2acdeb1e42c0fa057876e1
Hermitage Museum,,https://www.hermitagemuseum.org/what-s-on/d1eaeabe478e7a1f4cc4b8c32aa9b476
Hermitage Museum,,https://www.hermitagemuseum.org/what-s-on/40f7171aa1a232e1aff28df11fa24dc9
Hermitage Museum,,https://www.hermitagemuseum.org/what-s-on/0648acf1ac83443116ea816a88b20a97
Hermitage Museum,,https://www.hermitagemuseum.org/what-s-on/c0279da54af93c38198520470f823a22
Hermitage Museum,,https://www.hermitagemuseum.org/what-s-on/9ddf7bcadb496a0c4df13de37cae3e77
Hermitage Museum,,https://www.hermitagemuseum.org/what-s-on/a8a9d4d9ce7d0a0a8b8c13889cd4beac
Hermitage Museum,,https://www.hermitagemuseum.org/what-s-on/8c9f81bb7308390a4526de8b54e6641f
Hermitage Museum,,https://www.hermitagemuseum.org/what-s-on/1fe70b035b785a032b3409f68744a188
Hermitage Museum,"""Под небом Италии..."" Произведения скульптуры, созданные в Италии европейскими мастерами",https://www.hermitagemuseum.org/what-s-on/c9864135f2619b67c19a08b9a1d43d48
Hermitage Museum,,https://www.hermitagemuseum.org/what-s-on/49c403eb02376d4d7468a90f37c847c3
Hermitage Museum,"Сохраненные для России Памятники культуры и искусства, переданные в Государственный Эрмитаж Северо-Западным таможенным управлением",https://www.hermitagemuseum.org/what-s-on/8e382ef30e666c43e878362d87081ebe
Hermitage Museum,,https://www.hermitagemuseum.org/what-s-on/318faba8aa4caccc277c52a0a4f8f06f
Hermitage Museum,,https://www.hermitagemuseum.org/what-s-on/b5554dc9787015b965dfd93765964b5a
